2025-12-05 19:12:11,076 [AppConfig](INFO): Reading configuration file: ./backseat_app/config/app_cfg_pontus.yml
2025-12-05 19:12:11,079 [Supervisor](INFO): Creating Supervisor.
2025-12-05 19:12:11,079 [Supervisor](INFO): Log folder created at: /home/maiv/lrauv_sim/lrauv-backseat-marl/logs/20251205T191209.
2025-12-05 19:12:11,079 [Supervisor](INFO): Starting lcm-log with cmd: lcm-logger -c '.*' --increment --split-mb=25 --quiet /home/maiv/lrauv_sim/lrauv-backseat-marl/logs/20251205T191209/lcmlog
2025-12-05 19:12:11,087 [Supervisor](INFO): Adding data request for: depth
2025-12-05 19:12:11,088 [Supervisor](INFO): Adding data request for: DAT.enableBroadcast
2025-12-05 19:12:11,088 [Supervisor](INFO): Adding data request for: latitude
2025-12-05 19:12:11,088 [Supervisor](INFO): Adding data request for: longitude
2025-12-05 19:12:11,088 [Supervisor](INFO): Adding data request for: acoustic_contact_range
2025-12-05 19:12:11,088 [Supervisor](INFO): Adding data request for: acoustic_contact_address
2025-12-05 19:12:11,088 [Supervisor](INFO): Adding data request for: acoustic_receive_time
2025-12-05 19:12:11,088 [Supervisor](INFO): Adding data request for: _.othersObservations
2025-12-05 19:12:11,088 [Supervisor](INFO): Adding data request for: _.contactLabelToLcm
2025-12-05 19:12:11,088 [processing](INFO): Initializing backseat process (pilot lrauv based on marl)
2025-12-05 19:12:11,099 [Listener](INFO): Listening on LCM channel: bsd_command
2025-12-05 19:12:11,099 [Listener](INFO): Listening on LCM channel: NAL9602
2025-12-05 19:12:11,099 [Listener](INFO): Listening on LCM channel: Universal
2025-12-05 19:12:11,100 [Listener](INFO): Listening on LCM channel: DAT
2025-12-05 19:12:11,100 [Listener](INFO): Listening on LCM channel: _
2025-12-05 19:12:13,602 [DataRequester](INFO): Requesting data from LRAUV.
2025-12-05 19:12:14,506 [processing](INFO): MARL: Received Other Vehicles Observation State: [1764969984.0, 8.0, 36.693279, -121.934044, 17.9, 295.5]
Initializing logger with name: 'lrauv'.
Creating log folder at: /home/maiv/lrauv_sim/lrauv-backseat-marl/logs/20251205T191209.
Initializing logger with name: 'backseat_app'.
Creating log folder at: /home/maiv/lrauv_sim/lrauv-backseat-marl/logs/20251205T191211.
INFO: Loading 2v1 agent version
INFO: Using AGENT VERSION 2 agent vs 1 target (aka 2v1)
✓ Mapped: actor,params,Dense_0,bias -> action_head.bias (shape: torch.Size([5]))
  Transposed 2D weight torch.Size([64, 5]) -> torch.Size([5, 64])
✓ Mapped: actor,params,Dense_0,kernel -> action_head.weight (shape: torch.Size([5, 64]))
✓ Mapped: actor,params,Embedder_0,Dense_0,bias -> embedder.bias (shape: torch.Size([64]))
  Transposed 2D weight torch.Size([6, 64]) -> torch.Size([64, 6])
✓ Mapped: actor,params,Embedder_0,Dense_0,kernel -> embedder.weight (shape: torch.Size([64, 6]))
✓ Mapped: actor,params,Embedder_0,LayerNorm_0,bias -> embedder_norm.bias (shape: torch.Size([64]))
✓ Mapped: actor,params,Embedder_0,LayerNorm_0,scale -> embedder_norm.weight (shape: torch.Size([64]))
✓ Mapped: actor,params,ScannedTransformer_0,encoders_0,linear_0,bias -> transformer.encoders.0.linear1.bias (shape: torch.Size([128]))
  Transposed 2D weight torch.Size([64, 128]) -> torch.Size([128, 64])
✓ Mapped: actor,params,ScannedTransformer_0,encoders_0,linear_0,kernel -> transformer.encoders.0.linear1.weight (shape: torch.Size([128, 64]))
✓ Mapped: actor,params,ScannedTransformer_0,encoders_0,linear_1,bias -> transformer.encoders.0.linear2.bias (shape: torch.Size([64]))
  Transposed 2D weight torch.Size([128, 64]) -> torch.Size([64, 128])
✓ Mapped: actor,params,ScannedTransformer_0,encoders_0,linear_1,kernel -> transformer.encoders.0.linear2.weight (shape: torch.Size([64, 128]))
✓ Mapped: actor,params,ScannedTransformer_0,encoders_0,norm1,bias -> transformer.encoders.0.norm1.bias (shape: torch.Size([64]))
✓ Mapped: actor,params,ScannedTransformer_0,encoders_0,norm1,scale -> transformer.encoders.0.norm1.weight (shape: torch.Size([64]))
✓ Mapped: actor,params,ScannedTransformer_0,encoders_0,norm2,bias -> transformer.encoders.0.norm2.bias (shape: torch.Size([64]))
✓ Mapped: actor,params,ScannedTransformer_0,encoders_0,norm2,scale -> transformer.encoders.0.norm2.weight (shape: torch.Size([64]))
  Reshaped 3D attention weight torch.Size([64, 8, 8]) -> torch.Size([64, 64])
✓ Mapped: actor,params,ScannedTransformer_0,encoders_0,self_attn,key,kernel -> transformer.encoders.0.self_attn.k_proj.weight (shape: torch.Size([64, 64]))
  Reshaped 3D out projection torch.Size([8, 8, 64]) -> torch.Size([64, 64])
✓ Mapped: actor,params,ScannedTransformer_0,encoders_0,self_attn,out,kernel -> transformer.encoders.0.self_attn.out_proj.weight (shape: torch.Size([64, 64]))
  Reshaped 3D attention weight torch.Size([64, 8, 8]) -> torch.Size([64, 64])
✓ Mapped: actor,params,ScannedTransformer_0,encoders_0,self_attn,query,kernel -> transformer.encoders.0.self_attn.q_proj.weight (shape: torch.Size([64, 64]))
  Reshaped 3D attention weight torch.Size([64, 8, 8]) -> torch.Size([64, 64])
✓ Mapped: actor,params,ScannedTransformer_0,encoders_0,self_attn,value,kernel -> transformer.encoders.0.self_attn.v_proj.weight (shape: torch.Size([64, 64]))
✓ Mapped: actor,params,ScannedTransformer_0,encoders_1,linear_0,bias -> transformer.encoders.1.linear1.bias (shape: torch.Size([128]))
  Transposed 2D weight torch.Size([64, 128]) -> torch.Size([128, 64])
✓ Mapped: actor,params,ScannedTransformer_0,encoders_1,linear_0,kernel -> transformer.encoders.1.linear1.weight (shape: torch.Size([128, 64]))
✓ Mapped: actor,params,ScannedTransformer_0,encoders_1,linear_1,bias -> transformer.encoders.1.linear2.bias (shape: torch.Size([64]))
  Transposed 2D weight torch.Size([128, 64]) -> torch.Size([64, 128])
✓ Mapped: actor,params,ScannedTransformer_0,encoders_1,linear_1,kernel -> transformer.encoders.1.linear2.weight (shape: torch.Size([64, 128]))
✓ Mapped: actor,params,ScannedTransformer_0,encoders_1,norm1,bias -> transformer.encoders.1.norm1.bias (shape: torch.Size([64]))
✓ Mapped: actor,params,ScannedTransformer_0,encoders_1,norm1,scale -> transformer.encoders.1.norm1.weight (shape: torch.Size([64]))
✓ Mapped: actor,params,ScannedTransformer_0,encoders_1,norm2,bias -> transformer.encoders.1.norm2.bias (shape: torch.Size([64]))
✓ Mapped: actor,params,ScannedTransformer_0,encoders_1,norm2,scale -> transformer.encoders.1.norm2.weight (shape: torch.Size([64]))
  Reshaped 3D attention weight torch.Size([64, 8, 8]) -> torch.Size([64, 64])
✓ Mapped: actor,params,ScannedTransformer_0,encoders_1,self_attn,key,kernel -> transformer.encoders.1.self_attn.k_proj.weight (shape: torch.Size([64, 64]))
  Reshaped 3D out projection torch.Size([8, 8, 64]) -> torch.Size([64, 64])
✓ Mapped: actor,params,ScannedTransformer_0,encoders_1,self_attn,out,kernel -> transformer.encoders.1.self_attn.out_proj.weight (shape: torch.Size([64, 64]))
  Reshaped 3D attention weight torch.Size([64, 8, 8]) -> torch.Size([64, 64])
✓ Mapped: actor,params,ScannedTransformer_0,encoders_1,self_attn,query,kernel -> transformer.encoders.1.self_attn.q_proj.weight (shape: torch.Size([64, 64]))
  Reshaped 3D attention weight torch.Size([64, 8, 8]) -> torch.Size([64, 64])
✓ Mapped: actor,params,ScannedTransformer_0,encoders_1,self_attn,value,kernel -> transformer.encoders.1.self_attn.v_proj.weight (shape: torch.Size([64, 64]))

Mapped 30/30 PyTorch parameters
Successfully loaded 30 parameters
Loaded parameters from /home/maiv/lrauv_sim/lrauv-backseat-marl/backseat_app/jaxtorchagent/IROS_MODELS/mappo_2v1_2december.safetensors
Log file name:  ./logs/20251205T191211_log.txt
Ivan.Initialization done
***************************************
WARNING: No range measurement for a while, using last informaiton to compute new heading
LRAUV pose [36.693680,-121.937368,0.00]: 
INFO: Elapsed time = 8106.486 seconds
INFO: Sim timestamp 2025-12-05T21:27:17
DEBUG: agents_slantRange= [[-1, 0]]
DEBUG: self.agents_range= [[0. 0.]]
NEW RUDDER POSITION= -1
INFO: other_comms_count=0
$SW,0.75,36.69998932263302,-121.93741820378818;
lrauv lat 36.69367972791619  lrauv lon -121.9373682945969
***************************************************************************************************
RECEIVED: New data from nearby agents [timestamp, agent address, agent x, agent y, agent z, range]: [1764969984.0, 8.0, 36.693279, -121.934044, 17.9, 295.5]
***************************************************************************************************
***************************************
WARNING: No range measurement for a while, using last informaiton to compute new heading
LRAUV pose [36.693697,-121.937276,0.00]: 
INFO: Elapsed time = 30.240 seconds
INFO: Sim timestamp 2025-12-05T21:27:47
DEBUG: agents_slantRange= [[-1, 295.5]]
DEBUG: self.agents_range= [[0. 0.]]
Agen yaw (360NorthClockwise)= 76.31629674159187
INFO: agents range:  [[  0.  295.5]]
INFO: agents pos:  [[  8.23597575   2.00523286   0.        ]
 [297.47397028 -41.15726403  17.9       ]]
INFO: targets_depth:  [10.]
INFO: new_range:  True
ranges:  [[  0.  295.5]]
mask before:  [False  True]
mask:  [False  True]
ranges[i]:  [  0.  295.5]
positions:  [[  8.23597575   2.00523286   0.        ]
 [297.47397028 -41.15726403  17.9       ]]
ranges_good:  [295.5]
positions_good:  [[297.47397028 -41.15726403  17.9       ]]
targets_depth:  [10.]
pos: [297.47397028 -41.15726403  17.9       ]  depth: 10.0  r: 295.5
WARNING 1: initializing particles
WARNING: Initializing particles
WARNIN, particle w too low, initializing again
WARNING 3: initializing particles
WARNING: Initializing particles
Evaluation -> covariance (CI of 98): 1547.82 
ErrorPF= 18.668712531919653
Evaluaiton -> max(self.w)=0.0016 sum(self.w)=15.1122
step: {'agent_0': {'x': 8.235975745832548, 'y': 2.0052328598685563, 'z': 0, 'rph_z': 0, 'agent_1_dx': 289.23799453873653, 'agent_1_dy': -43.16249688947573, 'agent_1_dz': 0, 'landmark_0_tracking_x': 297.1946928184892, 'landmark_0_tracking_y': -38.68692501891087, 'landmark_0_tracking_z': 10.0, 'landmark_0_range': 0}}
Processed Obs: {'agent_0': tensor([[0.5000, 0.5000, 0.0000, 0.0000, 1.0000, 1.0000],
        [0.5964, 0.4856, 0.5000, 0.0000, 1.0000, 0.0000],
        [0.4037, 0.5136, 0.4967, 0.0000, 0.0000, 0.0000]])}
INFO: Action= 2  target_predictions(x,y)=297.19m,-38.69m
Stalk target on addr 0
ODSS format: targAddr,time,lon0,lat0,range,lonTarg,latTarg,timestring
RESULT: 0,1764961936,-121.93728,36.6937,-1.0,-121.93405,36.6933,2025-12-05T19:12:16
INFO: Ping_count=2

reset time= 0.0
NEW RUDDER POSITION= 76.31629674159187
INFO: other_comms_count=1
$SW,1.0,36.695122325757076,-121.92964294886436;
lrauv lat 36.69369797484643  lrauv lon -121.93727586630153
########################################
New range measurement at  1764970112.0
INFO: Elapsed time = 1764970112.000 seconds
INFO: Sim timestamp 2025-12-05T21:28:16
Timestamp =  1764970096.819
LRAUV pose [36.693837,-121.937128,0.00]: 
Target address 8 at 28.978 meters
DEBUG: agents_slantRange= [[28.978322982788086, 0]]
DEBUG: self.agents_range= [[0. 0.]]
Agen yaw (360NorthClockwise)= 39.881631914151995
INFO: agents range:  [[28.97832298  0.        ]]
INFO: agents pos:  [[21.30756019 17.64886097  0.        ]
 [ 0.          0.          0.        ]]
INFO: targets_depth:  [10.]
INFO: new_range:  True
ranges:  [[28.97832298  0.        ]]
mask before:  [ True False]
mask:  [ True False]
ranges[i]:  [28.97832298  0.        ]
positions:  [[21.30756019 17.64886097  0.        ]
 [ 0.          0.          0.        ]]
ranges_good:  [28.97832298]
positions_good:  [[21.30756019 17.64886097  0.        ]]
targets_depth:  [10.]
pos: [21.30756019 17.64886097  0.        ]  depth: 10.0  r: 28.978322982788086
Evaluation -> covariance (CI of 98): 406.32 
ErrorPF= 17.26992618195657
Evaluaiton -> max(self.w)=0.0798 sum(self.w)=6.5950
step: {'agent_0': {'x': 21.30756019288674, 'y': 17.648860968649387, 'z': 0, 'rph_z': 0, 'agent_1_dx': -21.30756019288674, 'agent_1_dy': -17.648860968649387, 'agent_1_dz': 0, 'landmark_0_tracking_x': 25.794970179746798, 'landmark_0_tracking_y': 17.98015445726585, 'landmark_0_tracking_z': 10.0, 'landmark_0_range': 0}}
Processed Obs: {'agent_0': tensor([[0.5044, 0.5052, 0.0000, 0.0000, 1.0000, 1.0000],
        [0.4929, 0.4941, 0.5000, 0.0000, 1.0000, 0.0000],
        [0.4985, 0.4999, 0.4967, 0.0000, 0.0000, 0.0000]])}
INFO: Action= 3  target_predictions(x,y)=25.79m,17.98m
Stalk target on addr 8
ODSS format: targAddr,time,lon0,lat0,range,lonTarg,latTarg,timestring
RESULT: 8,1764961937,-121.93713,36.69384,28.98,-121.93708,36.69384,2025-12-05T19:12:17
INFO: Ping_count=3

reset time= 1764970112.0
INFO: Sending current observation to other vehicles (Timestamp, address, lat, lon, depth, range) [ 1.76497011e+09  8.00000000e+00  3.66938367e+01 -1.21937128e+02
  0.00000000e+00  2.89783230e+01]
INFO: in exa is:  69334e80084212c67dc2f3dfcf00000122
NEW RUDDER POSITION= 65.7793242540652
INFO: other_comms_count=1
$SW,1.0,36.696361084595615,-121.92994680014034;
lrauv lat 36.69383667425717  lrauv lon -121.93712762413215
***************************************
WARNING: No range measurement for a while, using last informaiton to compute new heading
LRAUV pose [36.693840,-121.937121,0.00]: 
INFO: Elapsed time = 30.240 seconds
INFO: Sim timestamp 2025-12-05T21:28:18
DEBUG: agents_slantRange= [[-1, 0]]
DEBUG: self.agents_range= [[0. 0.]]
Agen yaw (360NorthClockwise)= 58.11622115619612
INFO: agents range:  [[0. 0.]]
INFO: agents pos:  [[21.93054523 18.03639033  0.        ]
 [ 0.          0.          0.        ]]
INFO: targets_depth:  [10.]
INFO: new_range:  False
ranges:  [[0. 0.]]
mask before:  [False False]
mask:  [False False]
ranges[i]:  [0. 0.]
positions:  [[21.93054523 18.03639033  0.        ]
 [ 0.          0.          0.        ]]
ranges_good:  []
positions_good:  []
targets_depth:  [10.]
step: {'agent_0': {'x': 21.93054522748571, 'y': 18.036390334367752, 'z': 0, 'rph_z': 0, 'agent_1_dx': -21.93054522748571, 'agent_1_dy': -18.036390334367752, 'agent_1_dz': 0, 'landmark_0_tracking_x': 25.794970179746798, 'landmark_0_tracking_y': 17.98015445726585, 'landmark_0_tracking_z': 10.0, 'landmark_0_range': 0}}
Processed Obs: {'agent_0': tensor([[0.5002, 0.5001, 0.0000, 0.0000, 1.0000, 1.0000],
        [0.4927, 0.4940, 0.5000, 0.0000, 1.0000, 0.0000],
        [0.4987, 0.5000, 0.4967, 0.0000, 0.0000, 0.0000]])}
INFO: Action= 3  target_predictions(x,y)=25.79m,17.98m
Stalk target on addr 8
ODSS format: targAddr,time,lon0,lat0,range,lonTarg,latTarg,timestring
RESULT: 8,1764961937,-121.93712,36.69384,-1,-121.93708,36.69384,2025-12-05T19:12:17
INFO: Ping_count=3

reset time= 1764970112.0
NEW RUDDER POSITION= 84.01391349610932
INFO: other_comms_count=1
$SW,1.0,36.69442987880427,-121.92931958546765;
lrauv lat 36.693841718178554  lrauv lon -121.93712060339764
***************************************
WARNING: No range measurement for a while, using last informaiton to compute new heading
LRAUV pose [36.693889,-121.936812,2.24]: 
INFO: Elapsed time = 30.243 seconds
INFO: Sim timestamp 2025-12-05T21:28:48
DEBUG: agents_slantRange= [[-1, 0]]
DEBUG: self.agents_range= [[0. 0.]]
Agen yaw (360NorthClockwise)= 78.24076512739167
INFO: agents range:  [[0. 0.]]
INFO: agents pos:  [[49.47887473 23.77108358  2.23886752]
 [ 0.          0.          0.        ]]
INFO: targets_depth:  [10.]
INFO: new_range:  False
ranges:  [[0. 0.]]
mask before:  [False False]
mask:  [False False]
ranges[i]:  [0. 0.]
positions:  [[49.47887473 23.77108358  2.23886752]
 [ 0.          0.          0.        ]]
ranges_good:  []
positions_good:  []
targets_depth:  [10.]
step: {'agent_0': {'x': 49.47887473425362, 'y': 23.771083579864353, 'z': 0, 'rph_z': 0, 'agent_1_dx': -49.47887473425362, 'agent_1_dy': -23.771083579864353, 'agent_1_dz': 0, 'landmark_0_tracking_x': 25.794970179746798, 'landmark_0_tracking_y': 17.98015445726585, 'landmark_0_tracking_z': 10.0, 'landmark_0_range': 0}}
Processed Obs: {'agent_0': tensor([[0.5092, 0.5019, 0.0000, 0.0000, 1.0000, 1.0000],
        [0.4835, 0.4921, 0.5000, 0.0000, 1.0000, 0.0000],
        [0.5079, 0.5019, 0.4967, 0.0000, 0.0000, 0.0000]])}
INFO: Action= 3  target_predictions(x,y)=25.79m,17.98m
Stalk target on addr 8
ODSS format: targAddr,time,lon0,lat0,range,lonTarg,latTarg,timestring
RESULT: 8,1764961939,-121.93681,36.69389,-1,-121.93708,36.69384,2025-12-05T19:12:19
INFO: Ping_count=3

reset time= 1764970112.0
NEW RUDDER POSITION= 104.13845746730487
INFO: other_comms_count=1
$SW,1.0,36.692280190196016,-121.92923564050639;
lrauv lat 36.693889431918585  lrauv lon -121.93681156181769
***************************************
WARNING: No range measurement for a while, using last informaiton to compute new heading
LRAUV pose [36.693848,-121.936475,5.48]: 
INFO: Elapsed time = 30.236 seconds
INFO: Sim timestamp 2025-12-05T21:29:18
DEBUG: agents_slantRange= [[-1, 0]]
DEBUG: self.agents_range= [[0. 0.]]
Agen yaw (360NorthClockwise)= 97.92518647803692
INFO: agents range:  [[0. 0.]]
INFO: agents pos:  [[79.5857094  19.57992481  5.48162794]
 [ 0.          0.          0.        ]]
INFO: targets_depth:  [10.]
INFO: new_range:  False
ranges:  [[0. 0.]]
mask before:  [False False]
mask:  [False False]
ranges[i]:  [0. 0.]
positions:  [[79.5857094  19.57992481  5.48162794]
 [ 0.          0.          0.        ]]
ranges_good:  []
positions_good:  []
targets_depth:  [10.]
step: {'agent_0': {'x': 79.58570940466598, 'y': 19.57992481486872, 'z': 0, 'rph_z': 0, 'agent_1_dx': -79.58570940466598, 'agent_1_dy': -19.57992481486872, 'agent_1_dz': 0, 'landmark_0_tracking_x': 25.794970179746798, 'landmark_0_tracking_y': 17.98015445726585, 'landmark_0_tracking_z': 10.0, 'landmark_0_range': 0}}
Processed Obs: {'agent_0': tensor([[0.5100, 0.4986, 0.0000, 0.0000, 1.0000, 1.0000],
        [0.4735, 0.4935, 0.5000, 0.0000, 1.0000, 0.0000],
        [0.5179, 0.5005, 0.4967, 0.0000, 0.0000, 0.0000]])}
INFO: Action= 3  target_predictions(x,y)=25.79m,17.98m
Stalk target on addr 8
ODSS format: targAddr,time,lon0,lat0,range,lonTarg,latTarg,timestring
RESULT: 8,1764961941,-121.93648,36.69385,-1,-121.93708,36.69384,2025-12-05T19:12:21
INFO: Ping_count=3

reset time= 1764970112.0
NEW RUDDER POSITION= 123.82287881795014
INFO: other_comms_count=1
$SW,1.0,36.69027673532854,-121.93001508124625;
2025-12-05 19:12:26,377 [processing](INFO): MARL: Received Other Vehicles Observation State: [1764970112.0, 8.0, 36.693996, -121.934982, 21.8, 214.3]
lrauv lat 36.6938469999481  lrauv lon -121.93647511655537
***************************************
WARNING: No range measurement for a while, using last informaiton to compute new heading
LRAUV pose [36.693706,-121.936176,8.73]: 
INFO: Elapsed time = 30.242 seconds
INFO: Sim timestamp 2025-12-05T21:29:48
DEBUG: agents_slantRange= [[-1, 0]]
DEBUG: self.agents_range= [[0. 0.]]
Agen yaw (360NorthClockwise)= 120.01657594939562
INFO: agents range:  [[0. 0.]]
INFO: agents pos:  [[106.46663664   4.04984346   8.7293663 ]
 [  0.           0.           0.        ]]
INFO: targets_depth:  [10.]
INFO: new_range:  False
ranges:  [[0. 0.]]
mask before:  [False False]
mask:  [False False]
ranges[i]:  [0. 0.]
positions:  [[106.46663664   4.04984346   8.7293663 ]
 [  0.           0.           0.        ]]
ranges_good:  []
positions_good:  []
targets_depth:  [10.]
step: {'agent_0': {'x': 106.46663663547952, 'y': 4.049843464512378, 'z': 0, 'rph_z': 0, 'agent_1_dx': -106.46663663547952, 'agent_1_dy': -4.049843464512378, 'agent_1_dz': 0, 'landmark_0_tracking_x': 25.794970179746798, 'landmark_0_tracking_y': 17.98015445726585, 'landmark_0_tracking_z': 10.0, 'landmark_0_range': 0}}
Processed Obs: {'agent_0': tensor([[0.5090, 0.4948, 0.0000, 0.0000, 1.0000, 1.0000],
        [0.4645, 0.4987, 0.5000, 0.0000, 1.0000, 0.0000],
        [0.5269, 0.4954, 0.4967, 0.0000, 0.0000, 0.0000]])}
INFO: Action= 3  target_predictions(x,y)=25.79m,17.98m
Stalk target on addr 8
ODSS format: targAddr,time,lon0,lat0,range,lonTarg,latTarg,timestring
RESULT: 8,1764961943,-121.93618,36.69371,-1,-121.93708,36.69384,2025-12-05T19:12:23
INFO: Ping_count=3

reset time= 1764970112.0
NEW RUDDER POSITION= 145.9142682893088
INFO: other_comms_count=1
$SW,1.0,36.688438470206094,-121.93185770167068;
lrauv lat 36.693703172270375  lrauv lon -121.93617618521577
########################################
New range measurement at  1764970240.0
INFO: Elapsed time = 128.000 seconds
INFO: Sim timestamp 2025-12-05T21:30:17
Timestamp =  1764970217.33
LRAUV pose [36.693495,-121.935975,12.26]: 
Target address 8 at 120.586 meters
DEBUG: agents_slantRange= [[120.58582305908203, 0]]
DEBUG: self.agents_range= [[0. 0.]]
Agen yaw (360NorthClockwise)= 141.8539421927012
INFO: agents range:  [[120.58582306   0.        ]]
INFO: agents pos:  [[124.69873413 -19.16395751  12.26130962]
 [  0.           0.           0.        ]]
INFO: targets_depth:  [10.]
INFO: new_range:  True
ranges:  [[120.58582306   0.        ]]
mask before:  [ True False]
mask:  [ True False]
ranges[i]:  [120.58582306   0.        ]
positions:  [[124.69873413 -19.16395751  12.26130962]
 [  0.           0.           0.        ]]
ranges_good:  [120.58582306]
positions_good:  [[124.69873413 -19.16395751  12.26130962]]
targets_depth:  [10.]
pos: [124.69873413 -19.16395751  12.26130962]  depth: 10.0  r: 120.58582305908203
Evaluation -> covariance (CI of 98): 303.78 
ErrorPF= 1.0227713173788402
Evaluaiton -> max(self.w)=0.0798 sum(self.w)=92.2127
step: {'agent_0': {'x': 124.69873413001187, 'y': -19.163957508746535, 'z': 0, 'rph_z': 0, 'agent_1_dx': -124.69873413001187, 'agent_1_dy': 19.163957508746535, 'agent_1_dz': 0, 'landmark_0_tracking_x': 18.195085325267726, 'landmark_0_tracking_y': 17.53186917214841, 'landmark_0_tracking_z': 10.0, 'landmark_0_range': 0}}
Processed Obs: {'agent_0': tensor([[0.5061, 0.4923, 0.0000, 0.0000, 1.0000, 1.0000],
        [0.4584, 0.5064, 0.5000, 0.0000, 1.0000, 0.0000],
        [0.5355, 0.4878, 0.4967, 0.0000, 0.0000, 0.0000]])}
INFO: Action= 1  target_predictions(x,y)=18.20m,17.53m
Stalk target on addr 8
ODSS format: targAddr,time,lon0,lat0,range,lonTarg,latTarg,timestring
RESULT: 8,1764961945,-121.93598,36.69349,120.59,-121.93716,36.69384,2025-12-05T19:12:25
INFO: Ping_count=4

reset time= 1764970240.0
INFO: Sending current observation to other vehicles (Timestamp, address, lat, lon, depth, range) [ 1.76497024e+09  8.00000000e+00  3.66934945e+01 -1.21935975e+02
  1.22613096e+01  1.20585823e+02]
INFO: in exa is:  69334f00084212c624c2f3df38007b04b6
NEW RUDDER POSITION= 115.956249852788
INFO: other_comms_count=1
$SW,1.0,36.69066987123265,-121.9289690229607;
lrauv lat 36.693494531269366  lrauv lon -121.93597500952117
***************************************
WARNING: No range measurement for a while, using last informaiton to compute new heading
LRAUV pose [36.693484,-121.935968,12.47]: 
INFO: Elapsed time = 30.241 seconds
INFO: Sim timestamp 2025-12-05T21:30:19
DEBUG: agents_slantRange= [[-1, 0]]
DEBUG: self.agents_range= [[0. 0.]]
Agen yaw (360NorthClockwise)= 151.02651591403105
INFO: agents range:  [[0. 0.]]
INFO: agents pos:  [[125.32929773 -20.30276696  12.47348785]
 [  0.           0.           0.        ]]
INFO: targets_depth:  [10.]
INFO: new_range:  False
ranges:  [[0. 0.]]
mask before:  [False False]
mask:  [False False]
ranges[i]:  [0. 0.]
positions:  [[125.32929773 -20.30276696  12.47348785]
 [  0.           0.           0.        ]]
ranges_good:  []
positions_good:  []
targets_depth:  [10.]
step: {'agent_0': {'x': 125.32929772790521, 'y': -20.302766957320273, 'z': 0, 'rph_z': 0, 'agent_1_dx': -125.32929772790521, 'agent_1_dy': 20.302766957320273, 'agent_1_dz': 0, 'landmark_0_tracking_x': 18.195085325267726, 'landmark_0_tracking_y': 17.53186917214841, 'landmark_0_tracking_z': 10.0, 'landmark_0_range': 0}}
Processed Obs: {'agent_0': tensor([[0.5002, 0.4996, 0.0000, 0.0000, 1.0000, 1.0000],
        [0.4582, 0.5068, 0.5000, 0.0000, 1.0000, 0.0000],
        [0.5357, 0.4874, 0.4967, 0.0000, 0.0000, 0.0000]])}
INFO: Action= 2  target_predictions(x,y)=18.20m,17.53m
Stalk target on addr 8
ODSS format: targAddr,time,lon0,lat0,range,lonTarg,latTarg,timestring
RESULT: 8,1764961945,-121.93597,36.69348,-1,-121.93716,36.69384,2025-12-05T19:12:25
INFO: Ping_count=4

reset time= 1764970240.0
NEW RUDDER POSITION= 151.02651591403105
INFO: other_comms_count=1
$SW,1.0,36.68792710196231,-121.9322493118095;
lrauv lat 36.69348076123401  lrauv lon -121.93596809353676
***************************************************************************************************
RECEIVED: New data from nearby agents [timestamp, agent address, agent x, agent y, agent z, range]: [1764970112.0, 8.0, 36.693996, -121.934982, 21.8, 214.3]
***************************************************************************************************
***************************************
WARNING: No range measurement for a while, using last informaiton to compute new heading
LRAUV pose [36.693231,-121.935813,16.57]: 
INFO: Elapsed time = 30.239 seconds
INFO: Sim timestamp 2025-12-05T21:30:49
DEBUG: agents_slantRange= [[-1, 214.3]]
DEBUG: self.agents_range= [[0. 0.]]
Agen yaw (360NorthClockwise)= 153.02158585142902
INFO: agents range:  [[  0.  214.3]]
INFO: agents pos:  [[139.52306184 -48.18556154  16.56861877]
 [212.79265825  37.45047858  21.8       ]]
INFO: targets_depth:  [10.]
INFO: new_range:  True
ranges:  [[  0.  214.3]]
mask before:  [False  True]
mask:  [False  True]
ranges[i]:  [  0.  214.3]
positions:  [[139.52306184 -48.18556154  16.56861877]
 [212.79265825  37.45047858  21.8       ]]
ranges_good:  [214.3]
positions_good:  [[212.79265825  37.45047858  21.8       ]]
targets_depth:  [10.]
pos: [212.79265825  37.45047858  21.8       ]  depth: 10.0  r: 214.3
Evaluation -> covariance (CI of 98): 319.83 
ErrorPF= 2.775197918288967
Evaluaiton -> max(self.w)=0.0798 sum(self.w)=92.2830
step: {'agent_0': {'x': 139.52306184219196, 'y': -48.18556153634563, 'z': 0, 'rph_z': 0, 'agent_1_dx': 73.26959640427958, 'agent_1_dy': 85.63604011479765, 'agent_1_dz': 0, 'landmark_0_tracking_x': 11.316796824571066, 'landmark_0_tracking_y': 7.652878583885999, 'landmark_0_tracking_z': 10.0, 'landmark_0_range': 0}}
Processed Obs: {'agent_0': tensor([[0.5047, 0.4907, 0.0000, 0.0000, 1.0000, 1.0000],
        [0.5244, 0.5285, 0.5000, 0.0000, 1.0000, 0.0000],
        [0.5427, 0.4814, 0.4967, 0.0000, 0.0000, 0.0000]])}
INFO: Action= 0  target_predictions(x,y)=11.32m,7.65m
Stalk target on addr 8
ODSS format: targAddr,time,lon0,lat0,range,lonTarg,latTarg,timestring
RESULT: 8,1764961947,-121.93581,36.69323,-1.0,-121.93724,36.69375,2025-12-05T19:12:27
INFO: Ping_count=5

reset time= 1764970240.0
NEW RUDDER POSITION= 101.2834969511157
INFO: other_comms_count=2
$SW,1.0,36.69192468538833,-121.9281467194262;
lrauv lat 36.69322811539708  lrauv lon -121.93581269699169
***************************************
WARNING: No range measurement for a while, using last informaiton to compute new heading
LRAUV pose [36.693074,-121.935567,20.04]: 
INFO: Elapsed time = 30.238 seconds
INFO: Sim timestamp 2025-12-05T21:31:19
DEBUG: agents_slantRange= [[-1, 0]]
DEBUG: self.agents_range= [[0. 0.]]
Agen yaw (360NorthClockwise)= 127.97510443285111
INFO: agents range:  [[0. 0.]]
INFO: agents pos:  [[161.64964048 -65.45726185  20.04249382]
 [  0.           0.           0.        ]]
INFO: targets_depth:  [10.]
INFO: new_range:  False
ranges:  [[0. 0.]]
mask before:  [False False]
mask:  [False False]
ranges[i]:  [0. 0.]
positions:  [[161.64964048 -65.45726185  20.04249382]
 [  0.           0.           0.        ]]
ranges_good:  []
positions_good:  []
targets_depth:  [10.]
step: {'agent_0': {'x': 161.64964048343245, 'y': -65.45726185059175, 'z': 0, 'rph_z': 0, 'agent_1_dx': -161.64964048343245, 'agent_1_dy': 65.45726185059175, 'agent_1_dz': 0, 'landmark_0_tracking_x': 11.316796824571066, 'landmark_0_tracking_y': 7.652878583885999, 'landmark_0_tracking_z': 10.0, 'landmark_0_range': 0}}
Processed Obs: {'agent_0': tensor([[0.5074, 0.4942, 0.0000, 0.0000, 1.0000, 1.0000],
        [0.4461, 0.5218, 0.5000, 0.0000, 1.0000, 0.0000],
        [0.5501, 0.4756, 0.4967, 0.0000, 0.0000, 0.0000]])}
INFO: Action= 0  target_predictions(x,y)=11.32m,7.65m
Stalk target on addr 8
ODSS format: targAddr,time,lon0,lat0,range,lonTarg,latTarg,timestring
RESULT: 8,1764961949,-121.93557,36.69307,-1,-121.93724,36.69375,2025-12-05T19:12:29
INFO: Ping_count=5

reset time= 1764970240.0
NEW RUDDER POSITION= 76.23701553253777
INFO: other_comms_count=2
$SW,1.0,36.694506008082655,-121.92793676727281;
lrauv lat 36.69307326184606  lrauv lon -121.93556719735214
***************************************
WARNING: No range measurement for a while, using last informaiton to compute new heading
LRAUV pose [36.693108,-121.935224,21.75]: 
INFO: Elapsed time = 30.241 seconds
INFO: Sim timestamp 2025-12-05T21:31:49
DEBUG: agents_slantRange= [[-1, 0]]
DEBUG: self.agents_range= [[0. 0.]]
Agen yaw (360NorthClockwise)= 82.25960763251153
INFO: agents range:  [[0. 0.]]
INFO: agents pos:  [[192.30053652 -61.29109274  21.74589539]
 [  0.           0.           0.        ]]
INFO: targets_depth:  [10.]
INFO: new_range:  False
ranges:  [[0. 0.]]
mask before:  [False False]
mask:  [False False]
ranges[i]:  [0. 0.]
positions:  [[192.30053652 -61.29109274  21.74589539]
 [  0.           0.           0.        ]]
ranges_good:  []
positions_good:  []
targets_depth:  [10.]
step: {'agent_0': {'x': 192.30053651845083, 'y': -61.291092741303146, 'z': 0, 'rph_z': 0, 'agent_1_dx': -192.30053651845083, 'agent_1_dy': 61.291092741303146, 'agent_1_dz': 0, 'landmark_0_tracking_x': 11.316796824571066, 'landmark_0_tracking_y': 7.652878583885999, 'landmark_0_tracking_z': 10.0, 'landmark_0_range': 0}}
Processed Obs: {'agent_0': tensor([[0.5102, 0.5014, 0.0000, 0.0000, 1.0000, 1.0000],
        [0.4359, 0.5204, 0.5000, 0.0000, 1.0000, 0.0000],
        [0.5603, 0.4770, 0.4967, 0.0000, 0.0000, 0.0000]])}
INFO: Action= 1  target_predictions(x,y)=11.32m,7.65m
Stalk target on addr 8
ODSS format: targAddr,time,lon0,lat0,range,lonTarg,latTarg,timestring
RESULT: 8,1764961951,-121.93522,36.69311,-1,-121.93724,36.69375,2025-12-05T19:12:31
INFO: Ping_count=5

reset time= 1764970240.0
NEW RUDDER POSITION= 56.36191529259833
INFO: other_comms_count=2
$SW,1.0,36.696545615290894,-121.92865246266072;
lrauv lat 36.69310911403834  lrauv lon -121.93522362834467
########################################
New range measurement at  1764970368.0
INFO: Elapsed time = 128.000 seconds
INFO: Sim timestamp 2025-12-05T21:32:17
Timestamp =  1764970337.455
LRAUV pose [36.693230,-121.934933,21.82]: 
Target address 8 at 216.863 meters
DEBUG: agents_slantRange= [[216.8634796142578, 0]]
DEBUG: self.agents_range= [[0. 0.]]
Agen yaw (360NorthClockwise)= 61.8935419470266
INFO: agents range:  [[216.86347961   0.        ]]
INFO: agents pos:  [[218.14095906 -47.48984887  21.81900215]
 [  0.           0.           0.        ]]
INFO: targets_depth:  [10.]
INFO: new_range:  True
ranges:  [[216.86347961   0.        ]]
mask before:  [ True False]
mask:  [ True False]
ranges[i]:  [216.86347961   0.        ]
positions:  [[218.14095906 -47.48984887  21.81900215]
 [  0.           0.           0.        ]]
ranges_good:  [216.86347961]
positions_good:  [[218.14095906 -47.48984887  21.81900215]]
targets_depth:  [10.]
pos: [218.14095906 -47.48984887  21.81900215]  depth: 10.0  r: 216.8634796142578
Evaluation -> covariance (CI of 98): 213.03 
ErrorPF= 1.2299449945424499
Evaluaiton -> max(self.w)=0.0798 sum(self.w)=188.0394
step: {'agent_0': {'x': 218.14095905865543, 'y': -47.48984886659309, 'z': 0, 'rph_z': 0, 'agent_1_dx': -218.14095905865543, 'agent_1_dy': 47.48984886659309, 'agent_1_dz': 0, 'landmark_0_tracking_x': 9.030887285630538, 'landmark_0_tracking_y': -8.137368145225935, 'landmark_0_tracking_z': 10.0, 'landmark_0_range': 0}}
Processed Obs: {'agent_0': tensor([[0.5086, 0.5046, 0.0000, 0.0000, 1.0000, 1.0000],
        [0.4273, 0.5158, 0.5000, 0.0000, 1.0000, 0.0000],
        [0.5697, 0.4869, 0.4967, 0.0000, 0.0000, 0.0000]])}
INFO: Action= 1  target_predictions(x,y)=9.03m,-8.14m
Stalk target on addr 8
ODSS format: targAddr,time,lon0,lat0,range,lonTarg,latTarg,timestring
RESULT: 8,1764961953,-121.93493,36.69323,216.86,-121.93727,36.69361,2025-12-05T19:12:33
INFO: Ping_count=6

reset time= 1764970368.0
INFO: Sending current observation to other vehicles (Timestamp, address, lat, lon, depth, range) [ 1.76497037e+09  8.00000000e+00  3.66932299e+01 -1.21934933e+02
  2.18190022e+01  2.16863480e+02]
INFO: in exa is:  69334f80084212c5dec2f3deb000da0879
NEW RUDDER POSITION= 35.995849607113385
INFO: other_comms_count=2
$SW,1.0,36.69829320406846,-121.93025739889596;
lrauv lat 36.69322986898389  lrauv lon -121.93493270096788
***************************************
WARNING: No range measurement for a while, using last informaiton to compute new heading
LRAUV pose [36.693242,-121.934913,21.79]: 
INFO: Elapsed time = 30.252 seconds
INFO: Sim timestamp 2025-12-05T21:32:19
DEBUG: agents_slantRange= [[-1, 0]]
DEBUG: self.agents_range= [[0. 0.]]
Agen yaw (360NorthClockwise)= 53.095256699975586
INFO: agents range:  [[0. 0.]]
INFO: agents pos:  [[219.90512636 -46.16504619  21.79229546]
 [  0.           0.           0.        ]]
INFO: targets_depth:  [10.]
INFO: new_range:  False
ranges:  [[0. 0.]]
mask before:  [False False]
mask:  [False False]
ranges[i]:  [0. 0.]
positions:  [[219.90512636 -46.16504619  21.79229546]
 [  0.           0.           0.        ]]
ranges_good:  []
positions_good:  []
targets_depth:  [10.]
step: {'agent_0': {'x': 219.90512636478525, 'y': -46.165046190377325, 'z': 0, 'rph_z': 0, 'agent_1_dx': -219.90512636478525, 'agent_1_dy': 46.165046190377325, 'agent_1_dz': 0, 'landmark_0_tracking_x': 9.030887285630538, 'landmark_0_tracking_y': -8.137368145225935, 'landmark_0_tracking_z': 10.0, 'landmark_0_range': 0}}
Processed Obs: {'agent_0': tensor([[0.5006, 0.5004, 0.0000, 0.0000, 1.0000, 1.0000],
        [0.4267, 0.5154, 0.5000, 0.0000, 1.0000, 0.0000],
        [0.5703, 0.4873, 0.4967, 0.0000, 0.0000, 0.0000]])}
INFO: Action= 1  target_predictions(x,y)=9.03m,-8.14m
Stalk target on addr 8
ODSS format: targAddr,time,lon0,lat0,range,lonTarg,latTarg,timestring
RESULT: 8,1764961953,-121.93491,36.69324,-1,-121.93727,36.69361,2025-12-05T19:12:33
INFO: Ping_count=6

reset time= 1764970368.0
NEW RUDDER POSITION= 27.197564360062373
INFO: other_comms_count=2
$SW,1.0,36.698823714555736,-121.93125424693017;
lrauv lat 36.69324406555654  lrauv lon -121.93491279128746
***************************************
WARNING: No range measurement for a while, using last informaiton to compute new heading
LRAUV pose [36.693468,-121.934714,20.84]: 
INFO: Elapsed time = 30.228 seconds
INFO: Sim timestamp 2025-12-05T21:32:50
DEBUG: agents_slantRange= [[-1, 0]]
DEBUG: self.agents_range= [[0. 0.]]
2025-12-05 19:12:37,787 [processing](INFO): MARL: Received Other Vehicles Observation State: [1764970368.0, 8.0, 36.694839, -121.937607, 21.1, 138.9]
Agen yaw (360NorthClockwise)= 34.64939204666649
INFO: agents range:  [[0. 0.]]
INFO: agents pos:  [[237.38174183 -20.87791491  20.83897591]
 [  0.           0.           0.        ]]
INFO: targets_depth:  [10.]
INFO: new_range:  False
ranges:  [[0. 0.]]
mask before:  [False False]
mask:  [False False]
ranges[i]:  [0. 0.]
positions:  [[237.38174183 -20.87791491  20.83897591]
 [  0.           0.           0.        ]]
ranges_good:  []
positions_good:  []
targets_depth:  [10.]
step: {'agent_0': {'x': 237.38174183038063, 'y': -20.87791490694508, 'z': 0, 'rph_z': 0, 'agent_1_dx': -237.38174183038063, 'agent_1_dy': 20.87791490694508, 'agent_1_dz': 0, 'landmark_0_tracking_x': 9.030887285630538, 'landmark_0_tracking_y': -8.137368145225935, 'landmark_0_tracking_z': 10.0, 'landmark_0_range': 0}}
Processed Obs: {'agent_0': tensor([[0.5058, 0.5084, 0.0000, 0.0000, 1.0000, 1.0000],
        [0.4209, 0.5070, 0.5000, 0.0000, 1.0000, 0.0000],
        [0.5761, 0.4958, 0.4967, 0.0000, 0.0000, 0.0000]])}
INFO: Action= 1  target_predictions(x,y)=9.03m,-8.14m
Stalk target on addr 8
ODSS format: targAddr,time,lon0,lat0,range,lonTarg,latTarg,timestring
RESULT: 8,1764961955,-121.93471,36.69347,-1,-121.93727,36.69361,2025-12-05T19:12:35
INFO: Ping_count=6

reset time= 1764970368.0
NEW RUDDER POSITION= 8.751699706753282
INFO: other_comms_count=2
$SW,1.0,36.699696680878596,-121.93343584491048;
lrauv lat 36.69347148540026  lrauv lon -121.93471404435986
***************************************
WARNING: No range measurement for a while, using last informaiton to compute new heading
LRAUV pose [36.693745,-121.934649,18.86]: 
INFO: Elapsed time = 30.240 seconds
INFO: Sim timestamp 2025-12-05T21:33:20
DEBUG: agents_slantRange= [[-1, 0]]
DEBUG: self.agents_range= [[0. 0.]]
Agen yaw (360NorthClockwise)= 10.13444726097116
INFO: agents range:  [[0. 0.]]
INFO: agents pos:  [[242.88543413   9.91240425  18.85848999]
 [  0.           0.           0.        ]]
INFO: targets_depth:  [10.]
INFO: new_range:  False
ranges:  [[0. 0.]]
mask before:  [False False]
mask:  [False False]
ranges[i]:  [0. 0.]
positions:  [[242.88543413   9.91240425  18.85848999]
 [  0.           0.           0.        ]]
ranges_good:  []
positions_good:  []
targets_depth:  [10.]
step: {'agent_0': {'x': 242.8854341264814, 'y': 9.9124042452313, 'z': 0, 'rph_z': 0, 'agent_1_dx': -242.8854341264814, 'agent_1_dy': -9.9124042452313, 'agent_1_dz': 0, 'landmark_0_tracking_x': 9.030887285630538, 'landmark_0_tracking_y': -8.137368145225935, 'landmark_0_tracking_z': 10.0, 'landmark_0_range': 0}}
Processed Obs: {'agent_0': tensor([[0.5018, 0.5103, 0.0000, 0.0000, 1.0000, 1.0000],
        [0.4190, 0.4967, 0.5000, 0.0000, 1.0000, 0.0000],
        [0.5780, 0.5060, 0.4967, 0.0000, 0.0000, 0.0000]])}
INFO: Action= 1  target_predictions(x,y)=9.03m,-8.14m
Stalk target on addr 8
ODSS format: targAddr,time,lon0,lat0,range,lonTarg,latTarg,timestring
RESULT: 8,1764961956,-121.93465,36.69374,-1,-121.93727,36.69361,2025-12-05T19:12:36
INFO: Ping_count=6

reset time= 1764970368.0
NEW RUDDER POSITION= 344.236754921058
INFO: other_comms_count=2
$SW,1.0,36.69983979545796,-121.93669336268191;
lrauv lat 36.693748713314505  lrauv lon -121.9346486163214
***************************************************************************************************
RECEIVED: New data from nearby agents [timestamp, agent address, agent x, agent y, agent z, range]: [1764970368.0, 8.0, 36.694839, -121.937607, 21.1, 138.9]
***************************************************************************************************
***************************************
WARNING: No range measurement for a while, using last informaiton to compute new heading
LRAUV pose [36.694017,-121.934723,17.91]: 
INFO: Elapsed time = 30.240 seconds
INFO: Sim timestamp 2025-12-05T21:33:50
DEBUG: agents_slantRange= [[-1, 138.9]]
DEBUG: self.agents_range= [[0. 0.]]
Agen yaw (360NorthClockwise)= 347.03169974635944
INFO: agents range:  [[  0.  138.9]]
INFO: agents pos:  [[235.94479661  40.05167558  17.91256142]
 [-22.75006959 128.36524364  21.1       ]]
INFO: targets_depth:  [10.]
INFO: new_range:  True
ranges:  [[  0.  138.9]]
mask before:  [False  True]
mask:  [False  True]
ranges[i]:  [  0.  138.9]
positions:  [[235.94479661  40.05167558  17.91256142]
 [-22.75006959 128.36524364  21.1       ]]
ranges_good:  [138.9]
positions_good:  [[-22.75006959 128.36524364  21.1       ]]
targets_depth:  [10.]
pos: [-22.75006959 128.36524364  21.1       ]  depth: 10.0  r: 138.9
Evaluation -> covariance (CI of 98): 66.38 
ErrorPF= 2.2419920524107795
Evaluaiton -> max(self.w)=0.0798 sum(self.w)=262.9336
step: {'agent_0': {'x': 235.9447966129519, 'y': 40.05167557671666, 'z': 0, 'rph_z': 0, 'agent_1_dx': -258.69486620184034, 'agent_1_dy': 88.31356806633994, 'agent_1_dz': 0, 'landmark_0_tracking_x': 9.869813016848354, 'landmark_0_tracking_y': -3.877922901185376, 'landmark_0_tracking_z': 10.0, 'landmark_0_range': 0}}
Processed Obs: {'agent_0': tensor([[0.4977, 0.5100, 0.0000, 0.0000, 1.0000, 1.0000],
        [0.4138, 0.5294, 0.5000, 0.0000, 1.0000, 0.0000],
        [0.5754, 0.5146, 0.4967, 0.0000, 0.0000, 0.0000]])}
INFO: Action= 1  target_predictions(x,y)=9.87m,-3.88m
Stalk target on addr 8
ODSS format: targAddr,time,lon0,lat0,range,lonTarg,latTarg,timestring
RESULT: 8,1764961959,-121.93472,36.69402,-1.0,-121.93726,36.69364,2025-12-05T19:12:39
INFO: Ping_count=7

reset time= 1764970368.0
NEW RUDDER POSITION= 321.13400740644624
INFO: other_comms_count=3
$SW,1.0,36.698977225529184,-121.93957132406436;
lrauv lat 36.694020785336264  lrauv lon -121.93472254994617
########################################
New range measurement at  1764970496.0
INFO: Elapsed time = 128.000 seconds
INFO: Sim timestamp 2025-12-05T21:34:17
Timestamp =  1764970457.576
LRAUV pose [36.694227,-121.934899,18.08]: 
Target address 8 at 225.901 meters
DEBUG: agents_slantRange= [[225.90057373046875, 0]]
DEBUG: self.agents_range= [[0. 0.]]
Agen yaw (360NorthClockwise)= 325.2644765485717
INFO: agents range:  [[225.90057373   0.        ]]
INFO: agents pos:  [[219.89125779  63.20524513  18.08364868]
 [  0.           0.           0.        ]]
INFO: targets_depth:  [10.]
INFO: new_range:  True
ranges:  [[225.90057373   0.        ]]
mask before:  [ True False]
mask:  [ True False]
ranges[i]:  [225.90057373   0.        ]
positions:  [[219.89125779  63.20524513  18.08364868]
 [  0.           0.           0.        ]]
ranges_good:  [225.90057373]
positions_good:  [[219.89125779  63.20524513  18.08364868]]
targets_depth:  [10.]
pos: [219.89125779  63.20524513  18.08364868]  depth: 10.0  r: 225.90057373046875
Evaluation -> covariance (CI of 98): 71.71 
ErrorPF= 3.7402080134228584
Evaluaiton -> max(self.w)=0.0798 sum(self.w)=323.6235
step: {'agent_0': {'x': 219.8912577900337, 'y': 63.20524513255805, 'z': 0, 'rph_z': 0, 'agent_1_dx': -219.8912577900337, 'agent_1_dy': -63.20524513255805, 'agent_1_dz': 0, 'landmark_0_tracking_x': 8.649317555293477, 'landmark_0_tracking_y': -5.769043395230862, 'landmark_0_tracking_z': 10.0, 'landmark_0_range': 0}}
Processed Obs: {'agent_0': tensor([[0.4946, 0.5077, 0.0000, 0.0000, 1.0000, 1.0000],
        [0.4267, 0.4789, 0.5000, 0.0000, 1.0000, 0.0000],
        [0.5704, 0.5230, 0.4967, 0.0000, 0.0000, 0.0000]])}
INFO: Action= 1  target_predictions(x,y)=8.65m,-5.77m
Stalk target on addr 8
ODSS format: targAddr,time,lon0,lat0,range,lonTarg,latTarg,timestring
RESULT: 8,1764961960,-121.9349,36.69423,225.9,-121.93727,36.69363,2025-12-05T19:12:40
INFO: Ping_count=8

reset time= 1764970496.0
INFO: Sending current observation to other vehicles (Timestamp, address, lat, lon, depth, range) [ 1.76497050e+09  8.00000000e+00  3.66942274e+01 -1.21934899e+02
  1.80836487e+01  2.25900574e+02]
INFO: in exa is:  69335000084212c6e3c2f3deab00b508d3
NEW RUDDER POSITION= 299.3667842086585
INFO: other_comms_count=3
$SW,1.0,36.69738240936703,-121.94168483806168;
lrauv lat 36.69422742551513  lrauv lon -121.93489934773906
***************************************
WARNING: No range measurement for a while, using last informaiton to compute new heading
LRAUV pose [36.694247,-121.934924,18.14]: 
INFO: Elapsed time = 30.252 seconds
INFO: Sim timestamp 2025-12-05T21:34:20
DEBUG: agents_slantRange= [[-1, 0]]
DEBUG: self.agents_range= [[0. 0.]]
Agen yaw (360NorthClockwise)= 314.38035658204274
INFO: agents range:  [[0. 0.]]
INFO: agents pos:  [[217.69006387  65.35933561  18.13616562]
 [  0.           0.           0.        ]]
INFO: targets_depth:  [10.]
INFO: new_range:  False
ranges:  [[0. 0.]]
mask before:  [False False]
mask:  [False False]
ranges[i]:  [0. 0.]
positions:  [[217.69006387  65.35933561  18.13616562]
 [  0.           0.           0.        ]]
ranges_good:  []
positions_good:  []
targets_depth:  [10.]
step: {'agent_0': {'x': 217.69006387051195, 'y': 65.35933560831472, 'z': 0, 'rph_z': 0, 'agent_1_dx': -217.69006387051195, 'agent_1_dy': -65.35933560831472, 'agent_1_dz': 0, 'landmark_0_tracking_x': 8.649317555293477, 'landmark_0_tracking_y': -5.769043395230862, 'landmark_0_tracking_z': 10.0, 'landmark_0_range': 0}}
Processed Obs: {'agent_0': tensor([[0.4993, 0.5007, 0.0000, 0.0000, 1.0000, 1.0000],
        [0.4274, 0.4782, 0.5000, 0.0000, 1.0000, 0.0000],
        [0.5697, 0.5237, 0.4967, 0.0000, 0.0000, 0.0000]])}
INFO: Action= 2  target_predictions(x,y)=8.65m,-5.77m
Stalk target on addr 8
ODSS format: targAddr,time,lon0,lat0,range,lonTarg,latTarg,timestring
RESULT: 8,1764961960,-121.93492,36.69425,-1,-121.93727,36.69363,2025-12-05T19:12:40
INFO: Ping_count=8

reset time= 1764970496.0
NEW RUDDER POSITION= 314.38035658204274
INFO: other_comms_count=3
$SW,1.0,36.69871276389145,-121.94046269376915;
lrauv lat 36.69424993114986  lrauv lon -121.93492371648777
***************************************
WARNING: No range measurement for a while, using last informaiton to compute new heading
LRAUV pose [36.694436,-121.935190,19.36]: 
INFO: Elapsed time = 30.228 seconds
INFO: Sim timestamp 2025-12-05T21:34:51
DEBUG: agents_slantRange= [[-1, 0]]
DEBUG: self.agents_range= [[0. 0.]]
Agen yaw (360NorthClockwise)= 310.79139784599164
INFO: agents range:  [[0. 0.]]
INFO: agents pos:  [[193.66185887  86.09363126  19.35781097]
 [  0.           0.           0.        ]]
INFO: targets_depth:  [10.]
INFO: new_range:  False
ranges:  [[0. 0.]]
mask before:  [False False]
mask:  [False False]
ranges[i]:  [0. 0.]
positions:  [[193.66185887  86.09363126  19.35781097]
 [  0.           0.           0.        ]]
ranges_good:  []
positions_good:  []
targets_depth:  [10.]
step: {'agent_0': {'x': 193.66185887355823, 'y': 86.09363126056269, 'z': 0, 'rph_z': 0, 'agent_1_dx': -193.66185887355823, 'agent_1_dy': -86.09363126056269, 'agent_1_dz': 0, 'landmark_0_tracking_x': 8.649317555293477, 'landmark_0_tracking_y': -5.769043395230862, 'landmark_0_tracking_z': 10.0, 'landmark_0_range': 0}}
Processed Obs: {'agent_0': tensor([[0.4920, 0.5069, 0.0000, 0.0000, 1.0000, 1.0000],
        [0.4354, 0.4713, 0.5000, 0.0000, 1.0000, 0.0000],
        [0.5617, 0.5306, 0.4967, 0.0000, 0.0000, 0.0000]])}
INFO: Action= 2  target_predictions(x,y)=8.65m,-5.77m
Stalk target on addr 8
ODSS format: targAddr,time,lon0,lat0,range,lonTarg,latTarg,timestring
RESULT: 8,1764961962,-121.93519,36.69444,-1,-121.93727,36.69363,2025-12-05T19:12:42
INFO: Ping_count=8

reset time= 1764970496.0
NEW RUDDER POSITION= 310.79139784599164
INFO: other_comms_count=3
$SW,1.0,36.69861377273245,-121.94106512760976;
lrauv lat 36.69443893043969  lrauv lon -121.93519007178686
***************************************
WARNING: No range measurement for a while, using last informaiton to compute new heading
LRAUV pose [36.694611,-121.935471,21.18]: 
INFO: Elapsed time = 30.239 seconds
INFO: Sim timestamp 2025-12-05T21:35:21
DEBUG: agents_slantRange= [[-1, 0]]
DEBUG: self.agents_range= [[0. 0.]]
Agen yaw (360NorthClockwise)= 307.0654197136872
INFO: agents range:  [[0. 0.]]
INFO: agents pos:  [[168.32723235 105.23003347  21.1829834 ]
 [  0.           0.           0.        ]]
INFO: targets_depth:  [10.]
INFO: new_range:  False
ranges:  [[0. 0.]]
mask before:  [False False]
mask:  [False False]
ranges[i]:  [0. 0.]
positions:  [[168.32723235 105.23003347  21.1829834 ]
 [  0.           0.           0.        ]]
ranges_good:  []
positions_good:  []
targets_depth:  [10.]
step: {'agent_0': {'x': 168.32723235478625, 'y': 105.23003347031772, 'z': 0, 'rph_z': 0, 'agent_1_dx': -168.32723235478625, 'agent_1_dy': -105.23003347031772, 'agent_1_dz': 0, 'landmark_0_tracking_x': 8.649317555293477, 'landmark_0_tracking_y': -5.769043395230862, 'landmark_0_tracking_z': 10.0, 'landmark_0_range': 0}}
Processed Obs: {'agent_0': tensor([[0.4916, 0.5064, 0.0000, 0.0000, 1.0000, 1.0000],
        [0.4439, 0.4649, 0.5000, 0.0000, 1.0000, 0.0000],
        [0.5532, 0.5370, 0.4967, 0.0000, 0.0000, 0.0000]])}
INFO: Action= 2  target_predictions(x,y)=8.65m,-5.77m
Stalk target on addr 8
ODSS format: targAddr,time,lon0,lat0,range,lonTarg,latTarg,timestring
RESULT: 8,1764961964,-121.93547,36.69461,-1,-121.93727,36.69363,2025-12-05T19:12:44
INFO: Ping_count=8

reset time= 1764970496.0
NEW RUDDER POSITION= 307.0654197136872
INFO: other_comms_count=3
$SW,1.0,36.698472286683405,-121.9416708108665;
lrauv lat 36.69461374107425  lrauv lon -121.93547124900792
***************************************
WARNING: No range measurement for a while, using last informaiton to compute new heading
LRAUV pose [36.694774,-121.935765,21.93]: 
INFO: Elapsed time = 30.241 seconds
INFO: Sim timestamp 2025-12-05T21:35:51
DEBUG: agents_slantRange= [[-1, 0]]
DEBUG: self.agents_range= [[0. 0.]]
Agen yaw (360NorthClockwise)= 303.8787815662675
INFO: agents range:  [[0. 0.]]
INFO: agents pos:  [[141.8442296  123.0116403   21.93034172]
 [  0.           0.           0.        ]]
INFO: targets_depth:  [10.]
INFO: new_range:  False
ranges:  [[0. 0.]]
mask before:  [False False]
mask:  [False False]
ranges[i]:  [0. 0.]
positions:  [[141.8442296  123.0116403   21.93034172]
 [  0.           0.           0.        ]]
ranges_good:  []
positions_good:  []
targets_depth:  [10.]
step: {'agent_0': {'x': 141.84422960225493, 'y': 123.01164029864594, 'z': 0, 'rph_z': 0, 'agent_1_dx': -141.84422960225493, 'agent_1_dy': -123.01164029864594, 'agent_1_dz': 0, 'landmark_0_tracking_x': 8.649317555293477, 'landmark_0_tracking_y': -5.769043395230862, 'landmark_0_tracking_z': 10.0, 'landmark_0_range': 0}}
Processed Obs: {'agent_0': tensor([[0.4912, 0.5059, 0.0000, 0.0000, 1.0000, 1.0000],
        [0.4527, 0.4590, 0.5000, 0.0000, 1.0000, 0.0000],
        [0.5444, 0.5429, 0.4967, 0.0000, 0.0000, 0.0000]])}
INFO: Action= 2  target_predictions(x,y)=8.65m,-5.77m
Stalk target on addr 8
ODSS format: targAddr,time,lon0,lat0,range,lonTarg,latTarg,timestring
RESULT: 8,1764961966,-121.93577,36.69477,-1,-121.93727,36.69363,2025-12-05T19:12:46
INFO: Ping_count=8

reset time= 1764970496.0
NEW RUDDER POSITION= 303.8787815662675
INFO: other_comms_count=3
$SW,1.0,36.698351565591004,-121.94222180101912;
lrauv lat 36.69477653071822  lrauv lon -121.93576544898333
########################################
New range measurement at  1764970624.0
INFO: Elapsed time = 128.000 seconds
INFO: Sim timestamp 2025-12-05T21:36:17
Timestamp =  1764970577.693
LRAUV pose [36.694906,-121.936032,21.72]: 
Target address 8 at 183.760 meters
DEBUG: agents_slantRange= [[183.76007080078125, 0]]
DEBUG: self.agents_range= [[0. 0.]]
Agen yaw (360NorthClockwise)= 300.928967479549
INFO: agents range:  [[183.7600708   0.       ]]
INFO: agents pos:  [[117.83367636 137.39815228  21.72362709]
 [  0.           0.           0.        ]]
INFO: targets_depth:  [10.]
INFO: new_range:  True
ranges:  [[183.7600708   0.       ]]
mask before:  [ True False]
mask:  [ True False]
ranges[i]:  [183.7600708   0.       ]
positions:  [[117.83367636 137.39815228  21.72362709]
 [  0.           0.           0.        ]]
ranges_good:  [183.7600708]
positions_good:  [[117.83367636 137.39815228  21.72362709]]
targets_depth:  [10.]
pos: [117.83367636 137.39815228  21.72362709]  depth: 10.0  r: 183.76007080078125
Evaluation -> covariance (CI of 98): 65.88 
ErrorPF= 2.058786092937339
Evaluaiton -> max(self.w)=0.0798 sum(self.w)=370.0452
step: 2025-12-05 19:12:49,389 [processing](INFO): MARL: Received Other Vehicles Observation State: [1764970496.0, 8.0, 36.694263, -121.938622, 18.9, 139.2]
{'agent_0': {'x': 117.83367635542527, 'y': 137.39815228059888, 'z': 0, 'rph_z': 0, 'agent_1_dx': -117.83367635542527, 'agent_1_dy': -137.39815228059888, 'agent_1_dz': 0, 'landmark_0_tracking_x': 8.42318916220402, 'landmark_0_tracking_y': -7.162381062616923, 'landmark_0_tracking_z': 10.0, 'landmark_0_range': 0}}
Processed Obs: {'agent_0': tensor([[0.4920, 0.5048, 0.0000, 0.0000, 1.0000, 1.0000],
        [0.4607, 0.4542, 0.5000, 0.0000, 1.0000, 0.0000],
        [0.5365, 0.5482, 0.4967, 0.0000, 0.0000, 0.0000]])}
INFO: Action= 2  target_predictions(x,y)=8.42m,-7.16m
Stalk target on addr 8
ODSS format: targAddr,time,lon0,lat0,range,lonTarg,latTarg,timestring
RESULT: 8,1764961968,-121.93603,36.69491,183.76,-121.93727,36.69361,2025-12-05T19:12:48
INFO: Ping_count=9

reset time= 1764970624.0
INFO: Sending current observation to other vehicles (Timestamp, address, lat, lon, depth, range) [ 1.76497062e+09  8.00000000e+00  3.66949064e+01 -1.21936032e+02
  2.17236271e+01  1.83760071e+02]
INFO: in exa is:  69335080084212c795c2f3df4000d9072e
NEW RUDDER POSITION= 300.928967479549
INFO: other_comms_count=3
$SW,1.0,36.69820908430405,-121.94270867268044;
lrauv lat 36.694906364850304  lrauv lon -121.9360323990775
***************************************
WARNING: No range measurement for a while, using last informaiton to compute new heading
LRAUV pose [36.694925,-121.936071,21.65]: 
INFO: Elapsed time = 30.271 seconds
INFO: Sim timestamp 2025-12-05T21:36:21
DEBUG: agents_slantRange= [[-1, 0]]
DEBUG: self.agents_range= [[0. 0.]]
Agen yaw (360NorthClockwise)= 300.2704269657935
INFO: agents range:  [[0. 0.]]
INFO: agents pos:  [[114.3828237  139.41227913  21.65053749]
 [  0.           0.           0.        ]]
INFO: targets_depth:  [10.]
INFO: new_range:  False
ranges:  [[0. 0.]]
mask before:  [False False]
mask:  [False False]
ranges[i]:  [0. 0.]
positions:  [[114.3828237  139.41227913  21.65053749]
 [  0.           0.           0.        ]]
ranges_good:  []
positions_good:  []
targets_depth:  [10.]
step: {'agent_0': {'x': 114.3828236956615, 'y': 139.41227912856266, 'z': 0, 'rph_z': 0, 'agent_1_dx': -114.3828236956615, 'agent_1_dy': -139.41227912856266, 'agent_1_dz': 0, 'landmark_0_tracking_x': 8.42318916220402, 'landmark_0_tracking_y': -7.162381062616923, 'landmark_0_tracking_z': 10.0, 'landmark_0_range': 0}}
Processed Obs: {'agent_0': tensor([[0.4988, 0.5007, 0.0000, 0.0000, 1.0000, 1.0000],
        [0.4619, 0.4535, 0.5000, 0.0000, 1.0000, 0.0000],
        [0.5353, 0.5489, 0.4967, 0.0000, 0.0000, 0.0000]])}
INFO: Action= 2  target_predictions(x,y)=8.42m,-7.16m
Stalk target on addr 8
ODSS format: targAddr,time,lon0,lat0,range,lonTarg,latTarg,timestring
RESULT: 8,1764961968,-121.93607,36.69492,-1,-121.93727,36.69361,2025-12-05T19:12:48
INFO: Ping_count=9

reset time= 1764970624.0
NEW RUDDER POSITION= 300.2704269657935
INFO: other_comms_count=3
$SW,1.0,36.698167786530526,-121.94279374500155;
lrauv lat 36.69492708098595  lrauv lon -121.93607077249244
***************************************************************************************************
RECEIVED: New data from nearby agents [timestamp, agent address, agent x, agent y, agent z, range]: [1764970496.0, 8.0, 36.694263, -121.938622, 18.9, 139.2]
***************************************************************************************************
***************************************
WARNING: No range measurement for a while, using last informaiton to compute new heading
LRAUV pose [36.695061,-121.936385,20.40]: 
INFO: Elapsed time = 30.209 seconds
INFO: Sim timestamp 2025-12-05T21:36:52
DEBUG: agents_slantRange= [[-1, 139.2]]
DEBUG: self.agents_range= [[0. 0.]]
Agen yaw (360NorthClockwise)= 297.75794899881953
INFO: agents range:  [[  0.  139.2]]
INFO: agents pos:  [[  86.185139    154.25279401   20.39751434]
 [-112.71751122   63.4635067    18.9       ]]
INFO: targets_depth:  [10.]
INFO: new_range:  True
ranges:  [[  0.  139.2]]
mask before:  [False  True]
mask:  [False  True]
ranges[i]:  [  0.  139.2]
positions:  [[  86.185139    154.25279401   20.39751434]
 [-112.71751122   63.4635067    18.9       ]]
ranges_good:  [139.2]
positions_good:  [[-112.71751122   63.4635067    18.9       ]]
targets_depth:  [10.]
pos: [-112.71751122   63.4635067    18.9       ]  depth: 10.0  r: 139.2
Evaluation -> covariance (CI of 98): 63.77 
ErrorPF= 0.5464107737876986
Evaluaiton -> max(self.w)=0.0798 sum(self.w)=487.0353
step: {'agent_0': {'x': 86.18513900181279, 'y': 154.25279400730506, 'z': 0, 'rph_z': 0, 'agent_1_dx': -198.90265021682717, 'agent_1_dy': -90.78928730497137, 'agent_1_dz': 0, 'landmark_0_tracking_x': 7.721655349751585, 'landmark_0_tracking_y': -6.4765528420339535, 'landmark_0_tracking_z': 10.0, 'landmark_0_range': 0}}
Processed Obs: {'agent_0': tensor([[0.4906, 0.5049, 0.0000, 0.0000, 1.0000, 1.0000],
        [0.4337, 0.4697, 0.5000, 0.0000, 1.0000, 0.0000],
        [0.5262, 0.5536, 0.4967, 0.0000, 0.0000, 0.0000]])}
INFO: Action= 2  target_predictions(x,y)=7.72m,-6.48m
Stalk target on addr 8
ODSS format: targAddr,time,lon0,lat0,range,lonTarg,latTarg,timestring
RESULT: 8,1764961970,-121.93638,36.69506,-1.0,-121.93728,36.69362,2025-12-05T19:12:50
INFO: Ping_count=10

reset time= 1764970624.0
NEW RUDDER POSITION= 297.75794899881953
INFO: other_comms_count=4
$SW,1.0,36.698063530969975,-121.94327747166813;
lrauv lat 36.69506329308577  lrauv lon -121.93638453172689
***************************************
WARNING: No range measurement for a while, using last informaiton to compute new heading
LRAUV pose [36.695188,-121.936705,18.69]: 
INFO: Elapsed time = 30.240 seconds
INFO: Sim timestamp 2025-12-05T21:37:22
DEBUG: agents_slantRange= [[-1, 0]]
DEBUG: self.agents_range= [[0. 0.]]
Agen yaw (360NorthClockwise)= 295.5800260764695
INFO: agents range:  [[0. 0.]]
INFO: agents pos:  [[ 57.41198524 168.02624826  18.687603  ]
 [  0.           0.           0.        ]]
INFO: targets_depth:  [10.]
INFO: new_range:  False
ranges:  [[0. 0.]]
mask before:  [False False]
mask:  [False False]
ranges[i]:  [0. 0.]
positions:  [[ 57.41198524 168.02624826  18.687603  ]
 [  0.           0.           0.        ]]
ranges_good:  []
positions_good:  []
targets_depth:  [10.]
step: {'agent_0': {'x': 57.4119852357544, 'y': 168.02624826412648, 'z': 0, 'rph_z': 0, 'agent_1_dx': -57.4119852357544, 'agent_1_dy': -168.02624826412648, 'agent_1_dz': 0, 'landmark_0_tracking_x': 7.721655349751585, 'landmark_0_tracking_y': -6.4765528420339535, 'landmark_0_tracking_z': 10.0, 'landmark_0_range': 0}}
Processed Obs: {'agent_0': tensor([[0.4904, 0.5046, 0.0000, 0.0000, 1.0000, 1.0000],
        [0.4809, 0.4440, 0.5000, 0.0000, 1.0000, 0.0000],
        [0.5166, 0.5582, 0.4967, 0.0000, 0.0000, 0.0000]])}
INFO: Action= 2  target_predictions(x,y)=7.72m,-6.48m
Stalk target on addr 8
ODSS format: targAddr,time,lon0,lat0,range,lonTarg,latTarg,timestring
RESULT: 8,1764961972,-121.9367,36.69519,-1,-121.93728,36.69362,2025-12-05T19:12:52
INFO: Ping_count=10

reset time= 1764970624.0
NEW RUDDER POSITION= 295.5800260764695
INFO: other_comms_count=4
$SW,1.0,36.69797704359886,-121.94373442885546;
lrauv lat 36.695189940921615  lrauv lon -121.93670486549311
***************************************
WARNING: No range measurement for a while, using last informaiton to compute new heading
LRAUV pose [36.695304,-121.937031,18.21]: 
INFO: Elapsed time = 30.240 seconds
INFO: Sim timestamp 2025-12-05T21:37:52
DEBUG: agents_slantRange= [[-1, 0]]
DEBUG: self.agents_range= [[0. 0.]]
Agen yaw (360NorthClockwise)= 293.1607630514456
INFO: agents range:  [[0. 0.]]
INFO: agents pos:  [[ 28.09167831 180.56918741  18.21323204]
 [  0.           0.           0.        ]]
INFO: targets_depth:  [10.]
INFO: new_range:  False
ranges:  [[0. 0.]]
mask before:  [False False]
mask:  [False False]
ranges[i]:  [0. 0.]
positions:  [[ 28.09167831 180.56918741  18.21323204]
 [  0.           0.           0.        ]]
ranges_good:  []
positions_good:  []
targets_depth:  [10.]
step: {'agent_0': {'x': 28.091678311116993, 'y': 180.5691874064505, 'z': 0, 'rph_z': 0, 'agent_1_dx': -28.091678311116993, 'agent_1_dy': -180.5691874064505, 'agent_1_dz': 0, 'landmark_0_tracking_x': 7.721655349751585, 'landmark_0_tracking_y': -6.4765528420339535, 'landmark_0_tracking_z': 10.0, 'landmark_0_range': 0}}
Processed Obs: {'agent_0': tensor([[0.4902, 0.5042, 0.0000, 0.0000, 1.0000, 1.0000],
        [0.4906, 0.4398, 0.5000, 0.0000, 1.0000, 0.0000],
        [0.5068, 0.5623, 0.4967, 0.0000, 0.0000, 0.0000]])}
INFO: Action= 1  target_predictions(x,y)=7.72m,-6.48m
Stalk target on addr 8
ODSS format: targAddr,time,lon0,lat0,range,lonTarg,latTarg,timestring
RESULT: 8,1764961974,-121.93703,36.6953,-1,-121.93728,36.69362,2025-12-05T19:12:54
INFO: Ping_count=10

reset time= 1764970624.0
NEW RUDDER POSITION= 267.26307071153235
INFO: other_comms_count=4
$SW,1.0,36.69507439318405,-121.94486144635918;
lrauv lat 36.6953060492892  lrauv lon -121.93703147706421
########################################
New range measurement at  1764970752.0
INFO: Elapsed time = 128.000 seconds
INFO: Sim timestamp 2025-12-05T21:38:17
Timestamp =  1764970697.813
LRAUV pose [36.695327,-121.937321,18.44]: 
Target address 8 at 191.224 meters
DEBUG: agents_slantRange= [[191.22402954101562, 0]]
DEBUG: self.agents_range= [[0. 0.]]
Agen yaw (360NorthClockwise)= 274.9587971693947
INFO: agents range:  [[191.22402954   0.        ]]
INFO: agents pos:  [[  2.16963009 182.81829006  18.43981552]
 [  0.           0.           0.        ]]
INFO: targets_depth:  [10.]
INFO: new_range:  True
ranges:  [[191.22402954   0.        ]]
mask before:  [ True False]
mask:  [ True False]
ranges[i]:  [191.22402954   0.        ]
positions:  [[  2.16963009 182.81829006  18.43981552]
 [  0.           0.           0.        ]]
ranges_good:  [191.22402954]
positions_good:  [[  2.16963009 182.81829006  18.43981552]]
targets_depth:  [10.]
pos: [  2.16963009 182.81829006  18.43981552]  depth: 10.0  r: 191.22402954101562
Evaluation -> covariance (CI of 98): 43.80 
ErrorPF= 1.1511796761438973
Evaluaiton -> max(self.w)=0.0798 sum(self.w)=455.9119
step: {'agent_0': {'x': 2.169630092801526, 'y': 182.81829006038606, 'z': 0, 'rph_z': 0, 'agent_1_dx': -2.169630092801526, 'agent_1_dy': -182.81829006038606, 'agent_1_dz': 0, 'landmark_0_tracking_x': 7.548978925483129, 'landmark_0_tracking_y': -6.994899902742009, 'landmark_0_tracking_z': 10.0, 'landmark_0_range': 0}}
Processed Obs: {'agent_0': tensor([[0.4914, 0.5007, 0.0000, 0.0000, 1.0000, 1.0000],
        [0.4993, 0.4391, 0.5000, 0.0000, 1.0000, 0.0000],
        [0.4982, 0.5633, 0.4967, 0.0000, 0.0000, 0.0000]])}
INFO: Action= 1  target_predictions(x,y)=7.55m,-6.99m
Stalk target on addr 8
ODSS format: targAddr,time,lon0,lat0,range,lonTarg,latTarg,timestring
RESULT: 8,1764961976,-121.93732,36.69533,191.22,-121.93728,36.69362,2025-12-05T19:12:56
INFO: Ping_count=11

reset time= 1764970752.0
INFO: Sending current observation to other vehicles (Timestamp, address, lat, lon, depth, range) [ 1.76497075e+09  8.00000000e+00  3.66953273e+01 -1.21937321e+02
  1.84398155e+01  1.91224030e+02]
INFO: in exa is:  69335100084212c804c2f3dfe900b80778
NEW RUDDER POSITION= 249.0611048294815
INFO: other_comms_count=4
$SW,1.0,36.693137619657506,-121.9446695494595;
lrauv lat 36.69532731444916  lrauv lon -121.9373213315192
***************************************
WARNING: No range measurement for a while, using last informaiton to compute new heading
LRAUV pose [36.695320,-121.937374,18.52]: 
INFO: Elapsed time = 30.231 seconds
INFO: Sim timestamp 2025-12-05T21:38:22
DEBUG: agents_slantRange= [[-1, 0]]
DEBUG: self.agents_range= [[0. 0.]]
Agen yaw (360NorthClockwise)= 259.22281604289236
INFO: agents range:  [[0. 0.]]
INFO: agents pos:  [[ -2.56546911 181.91697563  18.51873398]
 [  0.           0.           0.        ]]
INFO: targets_depth:  [10.]
INFO: new_range:  False
ranges:  [[0. 0.]]
mask before:  [False False]
mask:  [False False]
ranges[i]:  [0. 0.]
positions:  [[ -2.56546911 181.91697563  18.51873398]
 [  0.           0.           0.        ]]
ranges_good:  []
positions_good:  []
targets_depth:  [10.]
step: {'agent_0': {'x': -2.565469113877043, 'y': 181.91697563324124, 'z': 0, 'rph_z': 0, 'agent_1_dx': 2.565469113877043, 'agent_1_dy': -181.91697563324124, 'agent_1_dz': 0, 'landmark_0_tracking_x': 7.548978925483129, 'landmark_0_tracking_y': -6.994899902742009, 'landmark_0_tracking_z': 10.0, 'landmark_0_range': 0}}
Processed Obs: {'agent_0': tensor([[0.4984, 0.4997, 0.0000, 0.0000, 1.0000, 1.0000],
        [0.5009, 0.4394, 0.5000, 0.0000, 1.0000, 0.0000],
        [0.4966, 0.5630, 0.4967, 0.0000, 0.0000, 0.0000]])}
INFO: Action= 1  target_predictions(x,y)=7.55m,-6.99m
Stalk target on addr 8
ODSS format: targAddr,time,lon0,lat0,range,lonTarg,latTarg,timestring
RESULT: 8,1764961976,-121.93737,36.69532,-1,-121.93728,36.69362,2025-12-05T19:12:56
INFO: Ping_count=11

reset time= 1764970752.0
NEW RUDDER POSITION= 233.32512370297914
INFO: other_comms_count=4
$SW,1.0,36.691607176967956,-121.94370979173449;
lrauv lat 36.695319663655866  lrauv lon -121.93737444112362
***************************************
WARNING: No range measurement for a while, using last informaiton to compute new heading
LRAUV pose [36.695194,-121.937683,19.70]: 
INFO: Elapsed time = 30.251 seconds
INFO: Sim timestamp 2025-12-05T21:38:53
DEBUG: agents_slantRange= [[-1, 0]]
DEBUG: self.agents_range= [[0. 0.]]
Agen yaw (360NorthClockwise)= 242.49838131621365
INFO: agents range:  [[0. 0.]]
INFO: agents pos:  [[-29.94442476 167.66341033  19.70144081]
 [  0.           0.           0.        ]]
INFO: targets_depth:  [10.]
INFO: new_range:  False
ranges:  [[0. 0.]]
mask before:  [False False]
mask:  [False False]
ranges[i]:  [0. 0.]
positions:  [[-29.94442476 167.66341033  19.70144081]
 [  0.           0.           0.        ]]
ranges_good:  []
positions_good:  []
targets_depth:  [10.]
step: {'agent_0': {'x': -29.94442476448603, 'y': 167.66341032693163, 'z': 0, 'rph_z': 0, 'agent_1_dx': 29.94442476448603, 'agent_1_dy': -167.66341032693163, 'agent_1_dz': 0, 'landmark_0_tracking_x': 7.548978925483129, 'landmark_0_tracking_y': -6.994899902742009, 'landmark_0_tracking_z': 10.0, 'landmark_0_range': 0}}
Processed Obs: {'agent_0': tensor([[0.4909, 0.4952, 0.0000, 0.0000, 1.0000, 1.0000],
        [0.5100, 0.4441, 0.5000, 0.0000, 1.0000, 0.0000],
        [0.4875, 0.5582, 0.4967, 0.0000, 0.0000, 0.0000]])}
INFO: Action= 2  target_predictions(x,y)=7.55m,-6.99m
Stalk target on addr 8
ODSS format: targAddr,time,lon0,lat0,range,lonTarg,latTarg,timestring
RESULT: 8,1764961977,-121.93768,36.69519,-1,-121.93728,36.69362,2025-12-05T19:12:57
INFO: Ping_count=11

reset time= 1764970752.0
NEW RUDDER POSITION= 242.49838131621365
INFO: other_comms_count=4
$SW,1.0,36.692339612482186,-121.94467190249281;
lrauv lat 36.69519129753328  lrauv lon -121.93768264891798
***************************************
WARNING: No range measurement for a while, using last informaiton to compute new heading
LRAUV pose [36.695025,-121.937967,21.31]: 
INFO: Elapsed time = 30.238 seconds
INFO: Sim timestamp 2025-12-05T21:39:23
DEBUG: agents_slantRange= [[-1, 0]]
DEBUG: self.agents_range= [[0. 0.]]
Agen yaw (360NorthClockwise)= 232.87148252771715
INFO: agents range:  [[0. 0.]]
INFO: agents pos:  [[-55.13532614 148.59196415  21.31030655]
 [  0.           0.           0.        ]]
INFO: targets_depth:  [10.]
INFO: new_range:  False
ranges:  [[0. 0.]]
mask before:  [False False]
mask:  [False False]
ranges[i]:  [0. 0.]
positions:  [[-55.13532614 148.59196415  21.31030655]
 [  0.           0.           0.        ]]
ranges_good:  []
positions_good:  []
targets_depth:  [10.]
step: {'agent_0': {'x': -55.135326143936254, 'y': 148.5919641549699, 'z': 0, 'rph_z': 0, 'agent_1_dx': 55.135326143936254, 'agent_1_dy': -148.5919641549699, 'agent_1_dz': 0, 'landmark_0_tracking_x': 7.548978925483129, 'landmark_0_tracking_y': -6.994899902742009, 'landmark_0_tracking_z': 10.0, 'landmark_0_range': 0}}
Processed Obs: {'agent_0': tensor([[0.4916, 0.4936, 0.0000, 0.0000, 1.0000, 1.0000],
        [0.5184, 0.4505, 0.5000, 0.0000, 1.0000, 0.0000],
        [0.4791, 0.5519, 0.4967, 0.0000, 0.0000, 0.0000]])}
INFO: Action= 2  target_predictions(x,y)=7.55m,-6.99m
Stalk target on addr 8
ODSS format: targAddr,time,lon0,lat0,range,lonTarg,latTarg,timestring
RESULT: 8,1764961979,-121.93797,36.69502,-1,-121.93728,36.69362,2025-12-05T19:12:59
INFO: Ping_count=11

reset time= 1764970752.0
NEW RUDDER POSITION= 232.87148252771715
INFO: other_comms_count=4
$SW,1.0,36.691269777488024,-121.94426556274247;
lrauv lat 36.695022573876855  lrauv lon -121.93796696326172
***************************************
WARNING: No range measurement for a while, using last informaiton to compute new heading
LRAUV pose [36.694854,-121.938253,21.71]: 
INFO: Elapsed time = 30.240 seconds
INFO: Sim timestamp 2025-12-05T21:39:53
DEBUG: agents_slantRange= [[-1, 0]]
DEBUG: self.agents_range= [[0. 0.]]
Agen yaw (360NorthClockwise)= 232.88885604968075
INFO: agents range:  [[0. 0.]]
INFO: agents pos:  [[-80.46526438 129.42733661  21.7055645 ]
 [  0.           0.           0.        ]]
INFO: targets_depth:  [10.]
INFO: new_range:  False
ranges:  [[0. 0.]]
mask before:  [False False]
mask:  [False False]
ranges[i]:  [0. 0.]
positions:  [[-80.46526438 129.42733661  21.7055645 ]
 [  0.           0.           0.        ]]
ranges_good:  []
positions_good:  []
targets_depth:  [10.]
step: {'agent_0': {'x': -80.46526438044384, 'y': 129.42733660619706, 'z': 0, 'rph_z': 0, 'agent_1_dx': 80.46526438044384, 'agent_1_dy': -129.42733660619706, 'agent_1_dz': 0, 'landmark_0_tracking_x': 7.548978925483129, 'landmark_0_tracking_y': -6.994899902742009, 'landmark_0_tracking_z': 10.0, 'landmark_0_range': 0}}
Processed Obs: {'agent_0': tensor([[0.4916, 0.4936, 0.0000, 0.0000, 1.0000, 1.0000],
        [0.5268, 0.4569, 0.5000, 0.0000, 1.0000, 0.0000],
        [0.4707, 0.5455, 0.4967, 0.0000, 0.0000, 0.0000]])}
INFO: Action= 2  target_predictions(x,y)=7.55m,-6.99m
Stalk target on addr 8
ODSS format: targAddr,time,lon0,lat0,range,lonTarg,latTarg,timestring
RESULT: 8,1764961981,-121.93825,36.69485,-1,-121.93728,36.69362,2025-12-05T19:13:01
INFO: Ping_count=11

reset time= 1764970752.0
NEW RUDDER POSITION= 232.88885604968075
INFO: other_comms_count=4
$SW,1.0,36.69110046597439,-121.94455282866984;
lrauv lat 36.694851739830604  lrauv lon -121.93825284408204
########################################
New range measurement at  1764970880.0
INFO: Elapsed time = 128.000 seconds
INFO: Sim timestamp 2025-12-05T21:40:17
Timestamp =  1764970817.955
LRAUV pose [36.694701,-121.938476,21.48]: 
Target address 8 at 162.049 meters
DEBUG: agents_slantRange= [[162.04942321777344, 0]]
DEBUG: self.agents_range= [[0. 0.]]
Agen yaw (360NorthClockwise)= 228.90062757617437
INFO: agents range:  [[162.04942322   0.        ]]
INFO: agents pos:  [[-100.21587718  112.19815987   21.48126602]
 [   0.            0.            0.        ]]
INFO: targets_depth:  [10.]
INFO: new_range:  True
ranges:  [[162.04942322   0.        ]]
mask before:  [ True False]
mask:  [ True False]
ranges[i]:  [162.04942322   0.        ]
positions:  [[-100.21587718  112.19815987   21.48126602]
 [   0.            0.            0.        ]]
ranges_good:  [162.04942322]
positions_good:  [[-100.21587718  112.19815987   21.48126602]]
targets_depth:  [10.]
pos: [-100.21587718  112.19815987   21.48126602]  depth: 10.0  r: 162.04942321777344
WARNIN, particle w too low, initializing again
WARNING 3: initializing particles
WARNING: Initializing particles
Evaluation -> covariance (CI of 98): 1000.58 
ErrorPF= 41.2321938857439
Evaluaiton -> max(self.w)=0.0016 sum(self.w)=14.0351
WARNING 2: initializing particles
WARNING: Initializing particles
step: {'agent_0': {'x': -100.21587717882358, 'y': 112.19815987441689, 'z': 0, 'rph_z': 0, 'agent_1_dx': 100.21587717882358, 'agent_1_dy': -112.19815987441689, 'agent_1_dz': 0, 'landmark_0_tracking_x': -99.39506964901695, 'landmark_0_tracking_y': 111.73014513266655, 'landmark_0_tracking_z': 10.0, 'landmark_0_range': 0}}
Processed Obs: {'agent_0': tensor([[0.4934, 0.4943, 0.0000, 0.0000, 1.0000, 1.0000],
        [0.5334, 0.4626, 0.5000, 0.0000, 1.0000, 0.0000],
        [0.4997, 0.5002, 0.4967, 0.0000, 0.0000, 0.0000]])}
INFO: Action= 2  target_predictions(x,y)=-99.40m,111.73m
Stalk target on addr 8
ODSS format: targAddr,time,lon0,lat0,range,lonTarg,latTarg,timestring
RESULT: 8,1764961983,-121.93848,36.6947,162.05,-121.93847,36.6947,2025-12-05T19:13:03
INFO: Ping_count=12

reset time= 1764970880.0
INFO: Sending current observation to other vehicles (Timestamp, address, lat, lon, depth, range) [ 1.76497088e+09  8.00000000e+00  3.66947010e+01 -1.21938476e+02
  2.14812660e+01  1.62049423e+02]
INFO: in exa is:  69335180084212c760c2f3e08000d70654
NEW RUDDER POSITION= 228.90062757617437
INFO: other_comms_count=4
$SW,1.0,36.690605950207676,-121.94443676002783;
lrauv lat 36.69470101460452  lrauv lon -121.93847603746923
***************************************
WARNING: No range measurement for a while, using last informaiton to compute new heading
LRAUV pose [36.694678,-121.938510,21.33]: 
INFO: Elapsed time = 32.357 seconds
INFO: Sim timestamp 2025-12-05T21:40:25
DEBUG: agents_slantRange= [[-1, 0]]
DEBUG: self.agents_range= [[0. 0.]]
Agen yaw (360NorthClockwise)= 229.4179372827601
INFO: agents range:  [[0. 0.]]
INFO: agents pos:  [[-103.23607576  109.61117629   21.32763481]
 [   0.            0.            0.        ]]
INFO: targets_depth:  [10.]
INFO: new_range:  False
ranges:  [[0. 0.]]
mask before:  [False False]
mask:  [False False]
ranges[i]:  [0. 0.]
positions:  [[-103.23607576  109.61117629   21.32763481]
 [   0.            0.            0.        ]]
ranges_good:  []
positions_good:  []
targets_depth:  [10.]
step: {'agent_0': {'x': -103.23607575916685, 'y': 109.61117629380897, 'z': 0, 'rph_z': 0, 'agent_1_dx': 103.23607575916685, 'agent_1_dy': -109.61117629380897, 'agent_1_dz': 0, 'landmark_0_tracking_x': -99.39506964901695, 'landmark_0_tracking_y': 111.73014513266655, 'landmark_0_tracking_z': 10.0, 'landmark_0_range': 0}}
Processed Obs: {'agent_0': tensor([[0.4990, 0.4991, 0.0000, 0.0000, 1.0000, 1.0000],
        [0.5344, 0.4635, 0.5000, 0.0000, 1.0000, 0.0000],
        [0.4987, 0.4993, 0.4967, 0.0000, 0.0000, 0.0000]])}
INFO: Action= 2  target_predictions(x,y)=-99.40m,111.73m
Stalk target on addr 8
ODSS format: targAddr,time,lon0,lat0,range,lonTarg,latTarg,timestring
RESULT: 8,1764961983,-121.93851,36.69468,-1,-121.93847,36.6947,2025-12-05T19:13:03
INFO: Ping_count=12

reset time= 1764970880.0
NEW RUDDER POSITION= 229.4179372827601
INFO: other_comms_count=4
$SW,1.0,36.69060079470755,-121.9445165463951;
lrauv lat 36.69465235473742  lrauv lon -121.93851016148388
***************************************
WARNING: No range measurement for a while, using last informaiton to compute new heading
LRAUV pose [36.694462,-121.938809,20.12]: 
INFO: Elapsed time = 30.223 seconds
INFO: Sim timestamp 2025-12-05T21:40:56
DEBUG: agents_slantRange= [[-1, 0]]
DEBUG: self.agents_range= [[0. 0.]]
Agen yaw (360NorthClockwise)= 227.42440481675166
INFO: agents range:  [[0. 0.]]
INFO: agents pos:  [[-129.65550884   85.33802265   20.11579132]
 [   0.            0.            0.        ]]
INFO: targets_depth:  [10.]
INFO: new_range:  False
ranges:  [[0. 0.]]
mask before:  [False False]
mask:  [False False]
ranges[i]:  [0. 0.]
positions:  [[-129.65550884   85.33802265   20.11579132]
 [   0.            0.            0.        ]]
ranges_good:  []
positions_good:  []
targets_depth:  [10.]
step: {'agent_0': {'x': -129.65550883545075, 'y': 85.33802264509723, 'z': 0, 'rph_z': 0, 'agent_1_dx': 129.65550883545075, 'agent_1_dy': -85.33802264509723, 'agent_1_dz': 0, 'landmark_0_tracking_x': -99.39506964901695, 'landmark_0_tracking_y': 111.73014513266655, 'landmark_0_tracking_z': 10.0, 'landmark_0_range': 0}}
Processed Obs: {'agent_0': tensor([[0.4912, 0.4919, 0.0000, 0.0000, 1.0000, 1.0000],
        [0.5432, 0.4716, 0.5000, 0.0000, 1.0000, 0.0000],
        [0.4899, 0.4912, 0.4967, 0.0000, 0.0000, 0.0000]])}
INFO: Action= 2  target_predictions(x,y)=-99.40m,111.73m
Stalk target on addr 8
2025-12-05 19:13:12,124 [processing](INFO): MARL: Received Other Vehicles Observation State: [1764970880.0, 8.0, 36.69141, -121.935532, 18.8, 291.8]
ODSS format: targAddr,time,lon0,lat0,range,lonTarg,latTarg,timestring
RESULT: 8,1764961985,-121.93881,36.69446,-1,-121.93847,36.6947,2025-12-05T19:13:05
INFO: Ping_count=12

reset time= 1764970880.0
NEW RUDDER POSITION= 227.42440481675166
INFO: other_comms_count=4
$SW,1.0,36.69024178072065,-121.94463657396743;
lrauv lat 36.6944591664002  lrauv lon -121.93880886679725
***************************************
WARNING: No range measurement for a while, using last informaiton to compute new heading
LRAUV pose [36.694262,-121.939065,18.67]: 
INFO: Elapsed time = 30.241 seconds
INFO: Sim timestamp 2025-12-05T21:41:26
DEBUG: agents_slantRange= [[-1, 0]]
DEBUG: self.agents_range= [[0. 0.]]
Agen yaw (360NorthClockwise)= 225.30230591112272
INFO: agents range:  [[0. 0.]]
INFO: agents pos:  [[-152.27675639   62.95423437   18.66510391]
 [   0.            0.            0.        ]]
INFO: targets_depth:  [10.]
INFO: new_range:  False
ranges:  [[0. 0.]]
mask before:  [False False]
mask:  [False False]
ranges[i]:  [0. 0.]
positions:  [[-152.27675639   62.95423437   18.66510391]
 [   0.            0.            0.        ]]
ranges_good:  []
positions_good:  []
targets_depth:  [10.]
step: {'agent_0': {'x': -152.2767563906964, 'y': 62.954234370961785, 'z': 0, 'rph_z': 0, 'agent_1_dx': 152.2767563906964, 'agent_1_dy': -62.954234370961785, 'agent_1_dz': 0, 'landmark_0_tracking_x': -99.39506964901695, 'landmark_0_tracking_y': 111.73014513266655, 'landmark_0_tracking_z': 10.0, 'landmark_0_range': 0}}
Processed Obs: {'agent_0': tensor([[0.4925, 0.4925, 0.0000, 0.0000, 1.0000, 1.0000],
        [0.5508, 0.4790, 0.5000, 0.0000, 1.0000, 0.0000],
        [0.4824, 0.4837, 0.4967, 0.0000, 0.0000, 0.0000]])}
INFO: Action= 1  target_predictions(x,y)=-99.40m,111.73m
Stalk target on addr 8
ODSS format: targAddr,time,lon0,lat0,range,lonTarg,latTarg,timestring
RESULT: 8,1764961987,-121.93906,36.69426,-1,-121.93847,36.6947,2025-12-05T19:13:07
INFO: Ping_count=12

reset time= 1764970880.0
NEW RUDDER POSITION= 199.40461357120952
INFO: other_comms_count=4
$SW,1.0,36.688331860680286,-121.94174935698594;
lrauv lat 36.6942596457801  lrauv lon -121.9390648256618
***************************************
WARNING: No range measurement for a while, using last informaiton to compute new heading
LRAUV pose [36.694013,-121.939211,18.41]: 
INFO: Elapsed time = 30.239 seconds
INFO: Sim timestamp 2025-12-05T21:41:56
DEBUG: agents_slantRange= [[-1, 0]]
DEBUG: self.agents_range= [[0. 0.]]
Agen yaw (360NorthClockwise)= 204.61786624350978
INFO: agents range:  [[0. 0.]]
INFO: agents pos:  [[-165.03496896   35.11082328   18.40845871]
 [   0.            0.            0.        ]]
INFO: targets_depth:  [10.]
INFO: new_range:  False
ranges:  [[0. 0.]]
mask before:  [False False]
mask:  [False False]
ranges[i]:  [0. 0.]
positions:  [[-165.03496896   35.11082328   18.40845871]
 [   0.            0.            0.        ]]
ranges_good:  []
positions_good:  []
targets_depth:  [10.]
step: {'agent_0': {'x': -165.0349689630093, 'y': 35.11082328250632, 'z': 0, 'rph_z': 0, 'agent_1_dx': 165.0349689630093, 'agent_1_dy': -35.11082328250632, 'agent_1_dz': 0, 'landmark_0_tracking_x': -99.39506964901695, 'landmark_0_tracking_y': 111.73014513266655, 'landmark_0_tracking_z': 10.0, 'landmark_0_range': 0}}
Processed Obs: {'agent_0': tensor([[0.4957, 0.4907, 0.0000, 0.0000, 1.0000, 1.0000],
        [0.5550, 0.4883, 0.5000, 0.0000, 1.0000, 0.0000],
        [0.4781, 0.4745, 0.4967, 0.0000, 0.0000, 0.0000]])}
INFO: Action= 0  target_predictions(x,y)=-99.40m,111.73m
Stalk target on addr 8
ODSS format: targAddr,time,lon0,lat0,range,lonTarg,latTarg,timestring
RESULT: 8,1764961989,-121.93921,36.69401,-1,-121.93847,36.6947,2025-12-05T19:13:09
INFO: Ping_count=12

reset time= 1764970880.0
NEW RUDDER POSITION= 152.87977734319645
INFO: other_comms_count=4
$SW,1.0,36.68836129180845,-121.93571697838381;
lrauv lat 36.694008806578026  lrauv lon -121.93921106862037
***************************************
WARNING: No range measurement for a while, using last informaiton to compute new heading
LRAUV pose [36.693765,-121.939105,18.71]: 
INFO: Elapsed time = 30.252 seconds
INFO: Sim timestamp 2025-12-05T21:42:26
DEBUG: agents_slantRange= [[-1, 0]]
DEBUG: self.agents_range= [[0. 0.]]
Agen yaw (360NorthClockwise)= 160.40270890940405
INFO: agents range:  [[0. 0.]]
INFO: agents pos:  [[-155.2981606     7.76259712   18.71232414]
 [   0.            0.            0.        ]]
INFO: targets_depth:  [10.]
INFO: new_range:  False
ranges:  [[0. 0.]]
mask before:  [False False]
mask:  [False False]
ranges[i]:  [0. 0.]
positions:  [[-155.2981606     7.76259712   18.71232414]
 [   0.            0.            0.        ]]
ranges_good:  []
positions_good:  []
targets_depth:  [10.]
step: {'agent_0': {'x': -155.2981606023386, 'y': 7.762597123160958, 'z': 0, 'rph_z': 0, 'agent_1_dx': 155.2981606023386, 'agent_1_dy': -7.762597123160958, 'agent_1_dz': 0, 'landmark_0_tracking_x': -99.39506964901695, 'landmark_0_tracking_y': 111.73014513266655, 'landmark_0_tracking_z': 10.0, 'landmark_0_range': 0}}
Processed Obs: {'agent_0': tensor([[0.5032, 0.4909, 0.0000, 0.0000, 1.0000, 1.0000],
        [0.5518, 0.4974, 0.5000, 0.0000, 1.0000, 0.0000],
        [0.4814, 0.4653, 0.4967, 0.0000, 0.0000, 0.0000]])}
INFO: Action= 1  target_predictions(x,y)=-99.40m,111.73m
Stalk target on addr 8
ODSS format: targAddr,time,lon0,lat0,range,lonTarg,latTarg,timestring
RESULT: 8,1764961991,-121.93911,36.69377,-1,-121.93847,36.6947,2025-12-05T19:13:11
INFO: Ping_count=12

reset time= 1764970880.0
NEW RUDDER POSITION= 134.50501656949086
INFO: other_comms_count=4
$SW,1.0,36.689289523140985,-121.9335789987629;
lrauv lat 36.69376210945478  lrauv lon -121.93910547780258
***************************************************************************************************
RECEIVED: New data from nearby agents [timestamp, agent address, agent x, agent y, agent z, range]: [1764970880.0, 8.0, 36.69141, -121.935532, 18.8, 291.8]
***************************************************************************************************
***************************************
WARNING: No range measurement for a while, using last informaiton to compute new heading
LRAUV pose [36.693574,-121.938846,19.80]: 
INFO: Elapsed time = 30.228 seconds
INFO: Sim timestamp 2025-12-05T21:42:57
DEBUG: agents_slantRange= [[-1, 291.8]]
DEBUG: self.agents_range= [[0. 0.]]
Agen yaw (360NorthClockwise)= 131.9069921444293
INFO: agents range:  [[  0.  291.8]]
INFO: agents pos:  [[-131.91410013  -13.22387201   19.79542542]
 [ 166.84293042 -249.96800391   18.8       ]]
INFO: targets_depth:  [10.]
INFO: new_range:  True
ranges:  [[  0.  291.8]]
mask before:  [False  True]
mask:  [False  True]
ranges[i]:  [  0.  291.8]
positions:  [[-131.91410013  -13.22387201   19.79542542]
 [ 166.84293042 -249.96800391   18.8       ]]
ranges_good:  [291.8]
positions_good:  [[ 166.84293042 -249.96800391   18.8       ]]
targets_depth:  [10.]
pos: [ 166.84293042 -249.96800391   18.8       ]  depth: 10.0  r: 291.8
Evaluation -> covariance (CI of 98): 467.27 
ErrorPF= 10.741261274690885
Evaluaiton -> max(self.w)=0.0798 sum(self.w)=18.7278
step: {'agent_0': {'x': -131.91410013125278, 'y': -13.223872007802129, 'z': 0, 'rph_z': 0, 'agent_1_dx': 298.75703055469785, 'agent_1_dy': -236.74413189990446, 'agent_1_dz': 0, 'landmark_0_tracking_x': -4.623239524098964, 'landmark_0_tracking_y': -23.270241340939183, 'landmark_0_tracking_z': 10.0, 'landmark_0_range': 0}}
Processed Obs: {'agent_0': tensor([[0.5078, 0.4930, 0.0000, 0.0000, 1.0000, 1.0000],
        [0.5996, 0.4211, 0.5000, 0.0000, 1.0000, 0.0000],
        [0.4576, 0.5033, 0.4967, 0.0000, 0.0000, 0.0000]])}
INFO: Action= 2  target_predictions(x,y)=-4.62m,-23.27m
Stalk target on addr 8
ODSS format: targAddr,time,lon0,lat0,range,lonTarg,latTarg,timestring
RESULT: 8,1764961993,-121.93885,36.69357,-1.0,-121.93742,36.69347,2025-12-05T19:13:13
INFO: Ping_count=13

reset time= 1764970880.0
NEW RUDDER POSITION= 131.9069921444293
INFO: other_comms_count=5
$SW,1.0,36.68930493861092,-121.93307384532811;
lrauv lat 36.6935712026377  lrauv lon -121.93884635565219
***************************************
WARNING: No range measurement for a while, using last informaiton to compute new heading
LRAUV pose [36.693398,-121.938565,21.17]: 
INFO: Elapsed time = 30.240 seconds
INFO: Sim timestamp 2025-12-05T21:43:27
DEBUG: agents_slantRange= [[-1, 0]]
DEBUG: self.agents_range= [[0. 0.]]
Agen yaw (360NorthClockwise)= 127.14899056004887
INFO: agents range:  [[0. 0.]]
INFO: agents pos:  [[-106.57310748  -32.42319752   21.17450142]
 [   0.            0.            0.        ]]
INFO: targets_depth:  [10.]
INFO: new_range:  False
ranges:  [[0. 0.]]
mask before:  [False False]
mask:  [False False]
ranges[i]:  [0. 0.]
positions:  [[-106.57310748  -32.42319752   21.17450142]
 [   0.            0.            0.        ]]
ranges_good:  []
positions_good:  []
targets_depth:  [10.]
step: {'agent_0': {'x': -106.5731074817013, 'y': -32.42319752462208, 'z': 0, 'rph_z': 0, 'agent_1_dx': 106.5731074817013, 'agent_1_dy': 32.42319752462208, 'agent_1_dz': 0, 'landmark_0_tracking_x': -4.623239524098964, 'landmark_0_tracking_y': -23.270241340939183, 'landmark_0_tracking_z': 10.0, 'landmark_0_range': 0}}
Processed Obs: {'agent_0': tensor([[0.5084, 0.4936, 0.0000, 0.0000, 1.0000, 1.0000],
        [0.5355, 0.5108, 0.5000, 0.0000, 1.0000, 0.0000],
        [0.4660, 0.4969, 0.4967, 0.0000, 0.0000, 0.0000]])}
INFO: Action= 2  target_predictions(x,y)=-4.62m,-23.27m
Stalk target on addr 8
ODSS format: targAddr,time,lon0,lat0,range,lonTarg,latTarg,timestring
RESULT: 8,1764961995,-121.93857,36.6934,-1,-121.93742,36.69347,2025-12-05T19:13:15
INFO: Ping_count=13

reset time= 1764970880.0
NEW RUDDER POSITION= 127.14899056004887
INFO: other_comms_count=5
$SW,1.0,36.689529780009906,-121.93237310492883;
lrauv lat 36.693395758901254  lrauv lon -121.93856511084742
***************************************
WARNING: No range measurement for a while, using last informaiton to compute new heading
LRAUV pose [36.693236,-121.938270,21.62]: 
INFO: Elapsed time = 30.242 seconds
INFO: Sim timestamp 2025-12-05T21:43:57
DEBUG: agents_slantRange= [[-1, 0]]
DEBUG: self.agents_range= [[0. 0.]]
Agen yaw (360NorthClockwise)= 123.68753747266483
INFO: agents range:  [[0. 0.]]
INFO: agents pos:  [[-79.99797704 -50.13825615  21.61896324]
 [  0.           0.           0.        ]]
INFO: targets_depth:  [10.]
INFO: new_range:  False
ranges:  [[0. 0.]]
mask before:  [False False]
mask:  [False False]
ranges[i]:  [0. 0.]
positions:  [[-79.99797704 -50.13825615  21.61896324]
 [  0.           0.           0.        ]]
ranges_good:  []
positions_good:  []
targets_depth:  [10.]
step: {'agent_0': {'x': -79.9979770364007, 'y': -50.138256151694804, 'z': 0, 'rph_z': 0, 'agent_1_dx': 79.9979770364007, 'agent_1_dy': 50.138256151694804, 'agent_1_dz': 0, 'landmark_0_tracking_x': -4.623239524098964, 'landmark_0_tracking_y': -23.270241340939183, 'landmark_0_tracking_z': 10.0, 'landmark_0_range': 0}}
Processed Obs: {'agent_0': tensor([[0.5089, 0.4941, 0.0000, 0.0000, 1.0000, 1.0000],
        [0.5267, 0.5167, 0.5000, 0.0000, 1.0000, 0.0000],
        [0.4749, 0.4910, 0.4967, 0.0000, 0.0000, 0.0000]])}
INFO: Action= 2  target_predictions(x,y)=-4.62m,-23.27m
Stalk target on addr 8
ODSS format: targAddr,time,lon0,lat0,range,lonTarg,latTarg,timestring
RESULT: 8,1764961997,-121.93827,36.69324,-1,-121.93742,36.69347,2025-12-05T19:13:17
INFO: Ping_count=13

reset time= 1764970880.0
NEW RUDDER POSITION= 123.68753747266483
INFO: other_comms_count=5
$SW,1.0,36.68967570218165,-121.93179934654867;
lrauv lat 36.693233571402075  lrauv lon -121.93826987060022
########################################
New range measurement at  1764971008.0
INFO: Elapsed time = 128.000 seconds
INFO: Sim timestamp 2025-12-05T21:44:18
Timestamp =  1764971058.168
LRAUV pose [36.693132,-121.938058,21.46]: 
Target address 8 at 91.274 meters
DEBUG: agents_slantRange= [[91.2743148803711, 0]]
DEBUG: self.agents_range= [[0. 0.]]
Agen yaw (360NorthClockwise)= 120.77533245597459
INFO: agents range:  [[91.27431488  0.        ]]
INFO: agents pos:  [[-60.92755069 -61.49538668  21.46082115]
 [  0.           0.           0.        ]]
INFO: targets_depth:  [10.]
INFO: new_range:  True
ranges:  [[91.27431488  0.        ]]
mask before:  [ True False]
mask:  [ True False]
ranges[i]:  [91.27431488  0.        ]
positions:  [[-60.92755069 -61.49538668  21.46082115]
 [  0.           0.           0.        ]]
ranges_good:  [91.27431488]
positions_good:  [[-60.92755069 -61.49538668  21.46082115]]
targets_depth:  [10.]
pos: [-60.92755069 -61.49538668  21.46082115]  depth: 10.0  r: 91.2743148803711
Evaluation -> covariance (CI of 98): 443.17 
ErrorPF= 0.9019641678968497
Evaluaiton -> max(self.w)=0.0798 sum(self.w)=49.3068
step: {'agent_0': {'x': -60.927550687338226, 'y': -61.495386683382094, 'z': 0, 'rph_z': 0, 'agent_1_dx': 60.927550687338226, 'agent_1_dy': 61.495386683382094, 'agent_1_dz': 0, 'landmark_0_tracking_x': -34.3924043208035, 'landmark_0_tracking_y': -52.684297513034544, 'landmark_0_tracking_z': 10.0, 'landmark_0_range': 0}}
Processed Obs: {'agent_0': tensor([[0.5064, 0.4962, 0.0000, 0.0000, 1.0000, 1.0000],
        [0.5203, 0.5205, 0.5000, 0.0000, 1.0000, 0.0000],
        [0.4912, 0.4971, 0.4967, 0.0000, 0.0000, 0.0000]])}
INFO: Action= 2  target_predictions(x,y)=-34.39m,-52.68m
Stalk target on addr 8
ODSS format: targAddr,time,lon0,lat0,range,lonTarg,latTarg,timestring
RESULT: 8,1764961999,-121.93806,36.69313,91.27,-121.93776,36.69321,2025-12-05T19:13:19
INFO: Ping_count=14

reset time= 1764971008.0
INFO: Sending current observation to other vehicles (Timestamp, address, lat, lon, depth, range) [ 1.76497101e+09  8.00000000e+00  3.66931315e+01 -1.21938058e+02
  2.14608212e+01  9.12743149e+01]
INFO: in exa is:  69335200084212c5c4c2f3e04900d70391
NEW RUDDER POSITION= 120.77533245597459
INFO: other_comms_count=5
$SW,1.0,36.68984298816786,-121.93137122938356;
lrauv lat 36.69313153354175  lrauv lon -121.93805783770952
***************************************
WARNING: No range measurement for a while, using last informaiton to compute new heading
LRAUV pose [36.693087,-121.937963,21.34]: 
INFO: Elapsed time = 30.264 seconds
INFO: Sim timestamp 2025-12-05T21:44:27
DEBUG: agents_slantRange= [[-1, 0]]
DEBUG: self.agents_range= [[0. 0.]]
Agen yaw (360NorthClockwise)= 119.63022596980728
INFO: agents range:  [[0. 0.]]
INFO: agents pos:  [[-52.43985613 -66.32299266  21.33615685]
 [  0.           0.           0.        ]]
INFO: targets_depth:  [10.]
INFO: new_range:  False
ranges:  [[0. 0.]]
mask before:  [False False]
mask:  [False False]
ranges[i]:  [0. 0.]
positions:  [[-52.43985613 -66.32299266  21.33615685]
 [  0.           0.           0.        ]]
ranges_good:  []
positions_good:  []
targets_depth:  [10.]
step: {'agent_0': {'x': -52.439856133190915, 'y': -66.32299265731126, 'z': 0, 'rph_z': 0, 'agent_1_dx': 52.439856133190915, 'agent_1_dy': 66.32299265731126, 'agent_1_dz': 0, 'landmark_0_tracking_x': -34.3924043208035, 'landmark_0_tracking_y': -52.684297513034544, 'landmark_0_tracking_z': 10.0, 'landmark_0_range': 0}}
Processed Obs: {'agent_0': tensor([[0.5028, 0.4984, 0.0000, 0.0000, 1.0000, 1.0000],
        [0.5175, 0.5221, 0.5000, 0.0000, 1.0000, 0.0000],
        [0.4940, 0.4955, 0.4967, 0.0000, 0.0000, 0.0000]])}
INFO: Action= 3  target_predictions(x,y)=-34.39m,-52.68m
Stalk target on addr 8
ODSS format: targAddr,time,lon0,lat0,range,lonTarg,latTarg,timestring
RESULT: 8,1764961999,-121.93796,36.69309,-1,-121.93776,36.69321,2025-12-05T19:13:19
INFO: Ping_count=14

reset time= 1764971008.0
NEW RUDDER POSITION= 145.5279183097205
INFO: other_comms_count=5
$SW,1.0,36.68784407209081,-121.93360088585369;
lrauv lat 36.69308514035676  lrauv lon -121.9379634400375
***************************************
WARNING: No range measurement for a while, using last informaiton to compute new heading
LRAUV pose [36.692911,-121.937692,20.39]: 
INFO: Elapsed time = 30.218 seconds
INFO: Sim timestamp 2025-12-05T21:44:58
DEBUG: agents_slantRange= [[-1, 0]]
DEBUG: self.agents_range= [[0. 0.]]
Agen yaw (360NorthClockwise)= 128.27226083980332
INFO: agents range:  [[0. 0.]]
INFO: agents pos:  [[-27.95676335 -85.63933539  20.38784027]
 [  0.           0.           0.        ]]
INFO: targets_depth:  [10.]
2025-12-05 19:13:24,208 [processing](INFO): MARL: Received Other Vehicles Observation State: [1764971008.0, 8.0, 36.692223, -121.934975, 21.2, 258.9]
INFO: new_range:  False
ranges:  [[0. 0.]]
mask before:  [False False]
mask:  [False False]
ranges[i]:  [0. 0.]
positions:  [[-27.95676335 -85.63933539  20.38784027]
 [  0.           0.           0.        ]]
ranges_good:  []
positions_good:  []
targets_depth:  [10.]
step: {'agent_0': {'x': -27.9567633488914, 'y': -85.63933539483696, 'z': 0, 'rph_z': 0, 'agent_1_dx': 27.9567633488914, 'agent_1_dy': 85.63933539483696, 'agent_1_dz': 0, 'landmark_0_tracking_x': -34.3924043208035, 'landmark_0_tracking_y': -52.684297513034544, 'landmark_0_tracking_z': 10.0, 'landmark_0_range': 0}}
Processed Obs: {'agent_0': tensor([[0.5082, 0.4936, 0.0000, 0.0000, 1.0000, 1.0000],
        [0.5093, 0.5285, 0.5000, 0.0000, 1.0000, 0.0000],
        [0.5021, 0.4890, 0.4967, 0.0000, 0.0000, 0.0000]])}
INFO: Action= 3  target_predictions(x,y)=-34.39m,-52.68m
Stalk target on addr 8
ODSS format: targAddr,time,lon0,lat0,range,lonTarg,latTarg,timestring
RESULT: 8,1764962001,-121.93769,36.69291,-1,-121.93776,36.69321,2025-12-05T19:13:21
INFO: Ping_count=14

reset time= 1764971008.0
NEW RUDDER POSITION= 154.16995317971652
INFO: other_comms_count=5
$SW,1.0,36.687197900698465,-121.93435665946964;
lrauv lat 36.69290738104412  lrauv lon -121.9376918153284
***************************************
WARNING: No range measurement for a while, using last informaiton to compute new heading
LRAUV pose [36.692668,-121.937507,18.91]: 
INFO: Elapsed time = 30.237 seconds
INFO: Sim timestamp 2025-12-05T21:45:28
DEBUG: agents_slantRange= [[-1, 0]]
DEBUG: self.agents_range= [[0. 0.]]
Agen yaw (360NorthClockwise)= 147.87128943766538
INFO: agents range:  [[0. 0.]]
INFO: agents pos:  [[ -11.15543638 -112.39315523   18.90789795]
 [   0.            0.            0.        ]]
INFO: targets_depth:  [10.]
INFO: new_range:  False
ranges:  [[0. 0.]]
mask before:  [False False]
mask:  [False False]
ranges[i]:  [0. 0.]
positions:  [[ -11.15543638 -112.39315523   18.90789795]
 [   0.            0.            0.        ]]
ranges_good:  []
positions_good:  []
targets_depth:  [10.]
step: {'agent_0': {'x': -11.155436375527643, 'y': -112.39315522648394, 'z': 0, 'rph_z': 0, 'agent_1_dx': 11.155436375527643, 'agent_1_dy': 112.39315522648394, 'agent_1_dz': 0, 'landmark_0_tracking_x': -34.3924043208035, 'landmark_0_tracking_y': -52.684297513034544, 'landmark_0_tracking_z': 10.0, 'landmark_0_range': 0}}
Processed Obs: {'agent_0': tensor([[0.5056, 0.4911, 0.0000, 0.0000, 1.0000, 1.0000],
        [0.5037, 0.5375, 0.5000, 0.0000, 1.0000, 0.0000],
        [0.5077, 0.4801, 0.4967, 0.0000, 0.0000, 0.0000]])}
INFO: Action= 2  target_predictions(x,y)=-34.39m,-52.68m
Stalk target on addr 8
ODSS format: targAddr,time,lon0,lat0,range,lonTarg,latTarg,timestring
RESULT: 8,1764962003,-121.93751,36.69267,-1,-121.93776,36.69321,2025-12-05T19:13:23
INFO: Ping_count=14

reset time= 1764971008.0
NEW RUDDER POSITION= 147.87128943766538
INFO: other_comms_count=5
$SW,1.0,36.68728403318858,-121.93341432424019;
lrauv lat 36.69266438491697  lrauv lon -121.93750708992098
***************************************************************************************************
RECEIVED: New data from nearby agents [timestamp, agent address, agent x, agent y, agent z, range]: [1764971008.0, 8.0, 36.692223, -121.934975, 21.2, 258.9]
***************************************************************************************************
***************************************
WARNING: No range measurement for a while, using last informaiton to compute new heading
LRAUV pose [36.692422,-121.937324,18.40]: 
INFO: Elapsed time = 30.241 seconds
INFO: Sim timestamp 2025-12-05T21:45:58
DEBUG: agents_slantRange= [[-1, 258.9]]
DEBUG: self.agents_range= [[0. 0.]]
Agen yaw (360NorthClockwise)= 148.48570534104903
INFO: agents range:  [[  0.  258.9]]
INFO: agents pos:  [[   5.47494916 -139.51628622   18.39835167]
 [ 215.60283086 -159.22685932   21.2       ]]
INFO: targets_depth:  [10.]
INFO: new_range:  True
ranges:  [[  0.  258.9]]
mask before:  [False  True]
mask:  [False  True]
ranges[i]:  [  0.  258.9]
positions:  [[   5.47494916 -139.51628622   18.39835167]
 [ 215.60283086 -159.22685932   21.2       ]]
ranges_good:  [258.9]
positions_good:  [[ 215.60283086 -159.22685932   21.2       ]]
targets_depth:  [10.]
pos: [ 215.60283086 -159.22685932   21.2       ]  depth: 10.0  r: 258.9
Evaluation -> covariance (CI of 98): 346.08 
ErrorPF= 0.9815957218287963
Evaluaiton -> max(self.w)=0.0798 sum(self.w)=98.4964
step: {'agent_0': {'x': 5.47494916128926, 'y': -139.51628621760756, 'z': 0, 'rph_z': 0, 'agent_1_dx': 210.12788169737905, 'agent_1_dy': -19.710573104210198, 'agent_1_dz': 0, 'landmark_0_tracking_x': 6.615322756530953, 'landmark_0_tracking_y': -14.189927517837255, 'landmark_0_tracking_z': 10.0, 'landmark_0_range': 0}}
Processed Obs: {'agent_0': tensor([[0.5055, 0.4910, 0.0000, 0.0000, 1.0000, 1.0000],
        [0.5700, 0.4934, 0.5000, 0.0000, 1.0000, 0.0000],
        [0.4996, 0.4582, 0.4967, 0.0000, 0.0000, 0.0000]])}
INFO: Action= 0  target_predictions(x,y)=6.62m,-14.19m
Stalk target on addr 8
ODSS format: targAddr,time,lon0,lat0,range,lonTarg,latTarg,timestring
RESULT: 8,1764962005,-121.93732,36.69242,-1.0,-121.9373,36.69355,2025-12-05T19:13:25
INFO: Ping_count=15

reset time= 1764971008.0
NEW RUDDER POSITION= 96.74761644073567
INFO: other_comms_count=6
$SW,1.0,36.69160728056988,-121.92955439862192;
lrauv lat 36.69241830128184  lrauv lon -121.93732432467334
########################################
New range measurement at  1764971136.0
INFO: Elapsed time = 128.000 seconds
INFO: Sim timestamp 2025-12-05T21:46:18
Timestamp =  1764971178.29
LRAUV pose [36.692292,-121.937167,18.52]: 
Target address 8 at 148.480 meters
DEBUG: agents_slantRange= [[148.4803009033203, 0]]
DEBUG: self.agents_range= [[0. 0.]]
Agen yaw (360NorthClockwise)= 134.91361963527314
INFO: agents range:  [[148.4803009   0.       ]]
INFO: agents pos:  [[  19.7163946  -153.71485484   18.51992226]
 [   0.            0.            0.        ]]
INFO: targets_depth:  [10.]
INFO: new_range:  True
ranges:  [[148.4803009   0.       ]]
mask before:  [ True False]
mask:  [ True False]
ranges[i]:  [148.4803009   0.       ]
positions:  [[  19.7163946  -153.71485484   18.51992226]
 [   0.            0.            0.        ]]
ranges_good:  [148.4803009]
positions_good:  [[  19.7163946  -153.71485484   18.51992226]]
targets_depth:  [10.]
pos: [  19.7163946  -153.71485484   18.51992226]  depth: 10.0  r: 148.4803009033203
Evaluation -> covariance (CI of 98): 288.13 
ErrorPF= 0.7080528318377617
Evaluaiton -> max(self.w)=0.0798 sum(self.w)=213.9711
step: {'agent_0': {'x': 19.71639460453298, 'y': -153.7148548439145, 'z': 0, 'rph_z': 0, 'agent_1_dx': -19.71639460453298, 'agent_1_dy': 153.7148548439145, 'agent_1_dz': 0, 'landmark_0_tracking_x': 6.92874972574171, 'landmark_0_tracking_y': -8.991286331494274, 'landmark_0_tracking_z': 10.0, 'landmark_0_range': 0}}
Processed Obs: {'agent_0': tensor([[0.5047, 0.4953, 0.0000, 0.0000, 1.0000, 1.0000],
        [0.4934, 0.5512, 0.5000, 0.0000, 1.0000, 0.0000],
        [0.5043, 0.4518, 0.4967, 0.0000, 0.0000, 0.0000]])}
INFO: Action= 0  target_predictions(x,y)=6.93m,-8.99m
Stalk target on addr 8
ODSS format: targAddr,time,lon0,lat0,range,lonTarg,latTarg,timestring
RESULT: 8,1764962007,-121.93717,36.69229,148.48,-121.93729,36.6936,2025-12-05T19:13:27
INFO: Ping_count=16

reset time= 1764971136.0
INFO: Sending current observation to other vehicles (Timestamp, address, lat, lon, depth, range) [ 1.76497114e+09  8.00000000e+00  3.66922923e+01 -1.21937167e+02
  1.85199223e+01  1.48480301e+02]
INFO: in exa is:  69335280084212c4e8c2f3dfd400b905cd
NEW RUDDER POSITION= 83.1755307349598
INFO: other_comms_count=6
$SW,1.0,36.692972299295405,-121.92937735041471;
lrauv lat 36.69229227364776  lrauv lon -121.93716669429314
***************************************
WARNING: No range measurement for a while, using last informaiton to compute new heading
LRAUV pose [36.692285,-121.937057,18.62]: 
INFO: Elapsed time = 30.239 seconds
INFO: Sim timestamp 2025-12-05T21:46:28
DEBUG: agents_slantRange= [[-1, 0]]
DEBUG: self.agents_range= [[0. 0.]]
Agen yaw (360NorthClockwise)= 93.82640188187801
INFO: agents range:  [[0. 0.]]
INFO: agents pos:  [[  29.525353   -154.37090519   18.62015915]
 [   0.            0.            0.        ]]
INFO: targets_depth:  [10.]
INFO: new_range:  False
ranges:  [[0. 0.]]
mask before:  [False False]
mask:  [False False]
ranges[i]:  [0. 0.]
positions:  [[  29.525353   -154.37090519   18.62015915]
 [   0.            0.            0.        ]]
ranges_good:  []
positions_good:  []
targets_depth:  [10.]
step: {'agent_0': {'x': 29.525352999335155, 'y': -154.37090518698096, 'z': 0, 'rph_z': 0, 'agent_1_dx': -29.525352999335155, 'agent_1_dy': 154.37090518698096, 'agent_1_dz': 0, 'landmark_0_tracking_x': 6.92874972574171, 'landmark_0_tracking_y': -8.991286331494274, 'landmark_0_tracking_z': 10.0, 'landmark_0_range': 0}}
Processed Obs: {'agent_0': tensor([[0.5033, 0.4998, 0.0000, 0.0000, 1.0000, 1.0000],
        [0.4902, 0.5515, 0.5000, 0.0000, 1.0000, 0.0000],
        [0.5075, 0.4515, 0.4967, 0.0000, 0.0000, 0.0000]])}
INFO: Action= 1  target_predictions(x,y)=6.93m,-8.99m
Stalk target on addr 8
ODSS format: targAddr,time,lon0,lat0,range,lonTarg,latTarg,timestring
RESULT: 8,1764962007,-121.93706,36.69229,-1,-121.93729,36.6936,2025-12-05T19:13:27
INFO: Ping_count=16

reset time= 1764971136.0
NEW RUDDER POSITION= 67.92870954196479
INFO: other_comms_count=6
$SW,1.0,36.69459122368329,-121.92976380690986;
lrauv lat 36.69228547549349  lrauv lon -121.93705699285319
***************************************
WARNING: No range measurement for a while, using last informaiton to compute new heading
LRAUV pose [36.692364,-121.936728,19.48]: 
INFO: Elapsed time = 30.239 seconds
INFO: Sim timestamp 2025-12-05T21:46:59
DEBUG: agents_slantRange= [[-1, 0]]
DEBUG: self.agents_range= [[0. 0.]]
Agen yaw (360NorthClockwise)= 72.91289853364155
INFO: agents range:  [[0. 0.]]
INFO: agents pos:  [[  58.83745229 -145.36054881   19.48061943]
 [   0.            0.            0.        ]]
INFO: targets_depth:  [10.]
INFO: new_range:  False
ranges:  [[0. 0.]]
mask before:  [False False]
mask:  [False False]
ranges[i]:  [0. 0.]
positions:  [[  58.83745229 -145.36054881   19.48061943]
 [   0.            0.            0.        ]]
ranges_good:  []
positions_good:  []
targets_depth:  [10.]
step: {'agent_0': {'x': 58.83745229465421, 'y': -145.36054880777374, 'z': 0, 'rph_z': 0, 'agent_1_dx': -58.83745229465421, 'agent_1_dy': 145.36054880777374, 'agent_1_dz': 0, 'landmark_0_tracking_x': 6.92874972574171, 'landmark_0_tracking_y': -8.991286331494274, 'landmark_0_tracking_z': 10.0, 'landmark_0_range': 0}}
Processed Obs: {'agent_0': tensor([[0.5098, 0.5030, 0.0000, 0.0000, 1.0000, 1.0000],
        [0.4804, 0.5485, 0.5000, 0.0000, 1.0000, 0.0000],
        [0.5173, 0.4545, 0.4967, 0.0000, 0.0000, 0.0000]])}
INFO: Action= 2  target_predictions(x,y)=6.93m,-8.99m
Stalk target on addr 8
ODSS format: targAddr,time,lon0,lat0,range,lonTarg,latTarg,timestring
RESULT: 8,1764962009,-121.93673,36.69236,-1,-121.93729,36.6936,2025-12-05T19:13:29
INFO: Ping_count=16

reset time= 1764971136.0
NEW RUDDER POSITION= 72.91289853364155
INFO: other_comms_count=6
$SW,1.0,36.694152140367684,-121.92921345753433;
lrauv lat 36.69236541901588  lrauv lon -121.93672781061997
***************************************
WARNING: No range measurement for a while, using last informaiton to compute new heading
LRAUV pose [36.692479,-121.936403,21.03]: 
INFO: Elapsed time = 30.243 seconds
INFO: Sim timestamp 2025-12-05T21:47:29
DEBUG: agents_slantRange= [[-1, 0]]
DEBUG: self.agents_range= [[0. 0.]]
Agen yaw (360NorthClockwise)= 65.52403738126388
INFO: agents range:  [[0. 0.]]
INFO: agents pos:  [[  87.68707767 -132.22763129   21.03408051]
 [   0.            0.            0.        ]]
INFO: targets_depth:  [10.]
INFO: new_range:  False
ranges:  [[0. 0.]]
mask before:  [False False]
mask:  [False False]
ranges[i]:  [0. 0.]
positions:  [[  87.68707767 -132.22763129   21.03408051]
 [   0.            0.            0.        ]]
ranges_good:  []
positions_good:  []
targets_depth:  [10.]
step: {'agent_0': {'x': 87.68707766802981, 'y': -132.2276312909089, 'z': 0, 'rph_z': 0, 'agent_1_dx': -87.68707766802981, 'agent_1_dy': 132.2276312909089, 'agent_1_dz': 0, 'landmark_0_tracking_x': 6.92874972574171, 'landmark_0_tracking_y': -8.991286331494274, 'landmark_0_tracking_z': 10.0, 'landmark_0_range': 0}}
Processed Obs: {'agent_0': tensor([[0.5096, 0.5044, 0.0000, 0.0000, 1.0000, 1.0000],
        [0.4708, 0.5441, 0.5000, 0.0000, 1.0000, 0.0000],
        [0.5269, 0.4589, 0.4967, 0.0000, 0.0000, 0.0000]])}
INFO: Action= 2  target_predictions(x,y)=6.93m,-8.99m
Stalk target on addr 8
ODSS format: targAddr,time,lon0,lat0,range,lonTarg,latTarg,timestring
RESULT: 8,1764962011,-121.9364,36.69248,-1,-121.93729,36.6936,2025-12-05T19:13:31
INFO: Ping_count=16

reset time= 1764971136.0
NEW RUDDER POSITION= 65.52403738126388
INFO: other_comms_count=6
$SW,1.0,36.69503060402598,-121.92923660954214;
lrauv lat 36.69248049431975  lrauv lon -121.93640329196067
***************************************
WARNING: No range measurement for a while, using last informaiton to compute new heading
LRAUV pose [36.692598,-121.936078,21.60]: 
INFO: Elapsed time = 30.239 seconds
INFO: Sim timestamp 2025-12-05T21:47:59
DEBUG: agents_slantRange= [[-1, 0]]
DEBUG: self.agents_range= [[0. 0.]]
Agen yaw (360NorthClockwise)= 65.04972820234228
INFO: agents range:  [[0. 0.]]
INFO: agents pos:  [[ 116.61438541 -118.76915967   21.59926605]
 [   0.            0.            0.        ]]
INFO: targets_depth:  [10.]
INFO: new_range:  False
ranges:  [[0. 0.]]
mask before:  [False False]
mask:  [False False]
ranges[i]:  [0. 0.]
positions:  [[ 116.61438541 -118.76915967   21.59926605]
 [   0.            0.            0.        ]]
ranges_good:  []
positions_good:  []
targets_depth:  [10.]
step: {'agent_0': {'x': 116.61438540951349, 'y': -118.76915967045352, 'z': 0, 'rph_z': 0, 'agent_1_dx': -116.61438540951349, 'agent_1_dy': 118.76915967045352, 'agent_1_dz': 0, 'landmark_0_tracking_x': 6.92874972574171, 'landmark_0_tracking_y': -8.991286331494274, 'landmark_0_tracking_z': 10.0, 'landmark_0_range': 0}}
Processed Obs: {'agent_0': tensor([[0.5096, 0.5045, 0.0000, 0.0000, 1.0000, 1.0000],
        [0.4611, 0.5396, 0.5000, 0.0000, 1.0000, 0.0000],
        [0.5366, 0.4634, 0.4967, 0.0000, 0.0000, 0.0000]])}
INFO: Action= 2  target_predictions(x,y)=6.93m,-8.99m
Stalk target on addr 8
ODSS format: targAddr,time,lon0,lat0,range,lonTarg,latTarg,timestring
RESULT: 8,1764962014,-121.93608,36.6926,-1,-121.93729,36.6936,2025-12-05T19:13:34
INFO: Ping_count=16

reset time= 1764971136.0
NEW RUDDER POSITION= 65.04972820234228
INFO: other_comms_count=6
$SW,1.0,36.69519710648457,-121.92893761588792;
lrauv lat 36.69259932642237  lrauv lon -121.9360778624841
########################################
New range measurement at  1764971264.0
INFO: Elapsed time = 128.000 seconds
INFO: Sim timestamp 2025-12-05T21:48:18
Timestamp =  1764971298.415
LRAUV pose [36.692681,-121.935874,21.49]: 
Target address 8 at 162.823 meters
DEBUG: agents_slantRange= [[162.82281494140625, 0]]
DEBUG: self.agents_range= [[0. 0.]]
Agen yaw (360NorthClockwise)= 62.50737700350107
INFO: agents range:  [[162.82281494   0.        ]]
INFO: agents pos:  [[ 134.72799934 -109.34277308   21.48950577]
 [   0.            0.            0.        ]]
INFO: targets_depth:  [10.]
INFO: new_range:  True
ranges:  [[162.82281494   0.        ]]
mask before:  [ True False]
mask:  [ True False]
ranges[i]:  [162.82281494   0.        ]
positions:  [[ 134.72799934 -109.34277308   21.48950577]
 [   0.            0.            0.        ]]
ranges_good:  [162.82281494]
positions_good:  [[ 134.72799934 -109.34277308   21.48950577]]
targets_depth:  [10.]
pos: [ 134.72799934 -109.34277308   21.48950577]  depth: 10.0  r: 162.82281494140625
Evaluation -> covariance (CI of 98): 78.67 
ErrorPF= 0.6587882467129873
Evaluaiton -> max(self.w)=0.0798 sum(self.w)=409.2311
step: 2025-12-05 19:13:36,893 [processing](INFO): MARL: Received Other Vehicles Observation State: [1764971264.0, 8.0, 36.693909, -121.936836, 21.0, 53.6]
{'agent_0': {'x': 134.7279993366683, 'y': -109.34277307521552, 'z': 0, 'rph_z': 0, 'agent_1_dx': -134.7279993366683, 'agent_1_dy': 109.34277307521552, 'agent_1_dz': 0, 'landmark_0_tracking_x': 9.540011923885032, 'landmark_0_tracking_y': -5.441925826377672, 'landmark_0_tracking_z': 10.0, 'landmark_0_range': 0}}
Processed Obs: {'agent_0': tensor([[0.5060, 0.5031, 0.0000, 0.0000, 1.0000, 1.0000],
        [0.4551, 0.5364, 0.5000, 0.0000, 1.0000, 0.0000],
        [0.5417, 0.4654, 0.4967, 0.0000, 0.0000, 0.0000]])}
INFO: Action= 2  target_predictions(x,y)=9.54m,-5.44m
Stalk target on addr 8
ODSS format: targAddr,time,lon0,lat0,range,lonTarg,latTarg,timestring
RESULT: 8,1764962015,-121.93587,36.69268,162.82,-121.93726,36.69363,2025-12-05T19:13:35
INFO: Ping_count=17

reset time= 1764971264.0
INFO: Sending current observation to other vehicles (Timestamp, address, lat, lon, depth, range) [ 1.76497126e+09  8.00000000e+00  3.66926807e+01 -1.21935874e+02
  2.14895058e+01  1.62822815e+02]
INFO: in exa is:  69335300084212c54ec2f3df2b00d7065c
NEW RUDDER POSITION= 62.50737700350107
INFO: other_comms_count=6
$SW,1.0,36.69553099470022,-121.92888380884662;
lrauv lat 36.69268071592491  lrauv lon -121.93587396144589
***************************************
WARNING: No range measurement for a while, using last informaiton to compute new heading
LRAUV pose [36.692728,-121.935759,21.37]: 
INFO: Elapsed time = 30.239 seconds
INFO: Sim timestamp 2025-12-05T21:48:29
DEBUG: agents_slantRange= [[-1, 0]]
DEBUG: self.agents_range= [[0. 0.]]
Agen yaw (360NorthClockwise)= 62.13302664257129
INFO: agents range:  [[0. 0.]]
INFO: agents pos:  [[ 144.93691257 -103.94496384   21.36969948]
 [   0.            0.            0.        ]]
INFO: targets_depth:  [10.]
INFO: new_range:  False
ranges:  [[0. 0.]]
mask before:  [False False]
mask:  [False False]
ranges[i]:  [0. 0.]
positions:  [[ 144.93691257 -103.94496384   21.36969948]
 [   0.            0.            0.        ]]
ranges_good:  []
positions_good:  []
targets_depth:  [10.]
step: {'agent_0': {'x': 144.93691256758757, 'y': -103.94496383611113, 'z': 0, 'rph_z': 0, 'agent_1_dx': -144.93691256758757, 'agent_1_dy': 103.94496383611113, 'agent_1_dz': 0, 'landmark_0_tracking_x': 9.540011923885032, 'landmark_0_tracking_y': -5.441925826377672, 'landmark_0_tracking_z': 10.0, 'landmark_0_range': 0}}
Processed Obs: {'agent_0': tensor([[0.5034, 0.5018, 0.0000, 0.0000, 1.0000, 1.0000],
        [0.4517, 0.5346, 0.5000, 0.0000, 1.0000, 0.0000],
        [0.5451, 0.4672, 0.4967, 0.0000, 0.0000, 0.0000]])}
INFO: Action= 1  target_predictions(x,y)=9.54m,-5.44m
Stalk target on addr 8
ODSS format: targAddr,time,lon0,lat0,range,lonTarg,latTarg,timestring
RESULT: 8,1764962016,-121.93576,36.69273,-1,-121.93726,36.69363,2025-12-05T19:13:36
INFO: Ping_count=17

reset time= 1764971264.0
NEW RUDDER POSITION= 36.23533430265808
INFO: other_comms_count=6
$SW,1.0,36.69777783439779,-121.9310575733907;
lrauv lat 36.69273024649591  lrauv lon -121.93575903115806
***************************************************************************************************
RECEIVED: New data from nearby agents [timestamp, agent address, agent x, agent y, agent z, range]: [1764971264.0, 8.0, 36.693909, -121.936836, 21.0, 53.6]
***************************************************************************************************
***************************************
WARNING: No range measurement for a while, using last informaiton to compute new heading
LRAUV pose [36.692925,-121.935517,20.57]: 
INFO: Elapsed time = 30.258 seconds
INFO: Sim timestamp 2025-12-05T21:49:00
DEBUG: agents_slantRange= [[-1, 53.6]]
DEBUG: self.agents_range= [[0. 0.]]
Agen yaw (360NorthClockwise)= 44.13790370372574
INFO: agents range:  [[ 0.  53.6]]
INFO: agents pos:  [[166.3562336  -81.87117791  20.56826973]
 [ 47.27111447  25.96103323  21.        ]]
INFO: targets_depth:  [10.]
INFO: new_range:  True
ranges:  [[ 0.  53.6]]
mask before:  [False  True]
mask:  [False  True]
ranges[i]:  [ 0.  53.6]
positions:  [[166.3562336  -81.87117791  20.56826973]
 [ 47.27111447  25.96103323  21.        ]]
ranges_good:  [53.6]
positions_good:  [[47.27111447 25.96103323 21.        ]]
targets_depth:  [10.]
pos: [47.27111447 25.96103323 21.        ]  depth: 10.0  r: 53.6
Evaluation -> covariance (CI of 98): 47.44 
ErrorPF= 1.0100783266588493
Evaluaiton -> max(self.w)=0.0798 sum(self.w)=339.3370
step: {'agent_0': {'x': 166.35623359819874, 'y': -81.87117791175842, 'z': 0, 'rph_z': 0, 'agent_1_dx': -119.08511912776157, 'agent_1_dy': 107.83221114007756, 'agent_1_dz': 0, 'landmark_0_tracking_x': 7.960717546617632, 'landmark_0_tracking_y': -7.37105110480999, 'landmark_0_tracking_z': 10.0, 'landmark_0_range': 0}}
Processed Obs: {'agent_0': tensor([[0.5071, 0.5074, 0.0000, 0.0000, 1.0000, 1.0000],
        [0.4603, 0.5359, 0.5000, 0.0000, 1.0000, 0.0000],
        [0.5528, 0.4752, 0.4967, 0.0000, 0.0000, 0.0000]])}
INFO: Action= 1  target_predictions(x,y)=7.96m,-7.37m
Stalk target on addr 8
ODSS format: targAddr,time,lon0,lat0,range,lonTarg,latTarg,timestring
RESULT: 8,1764962018,-121.93552,36.69293,-1.0,-121.93728,36.69361,2025-12-05T19:13:38
INFO: Ping_count=18

reset time= 1764971264.0
NEW RUDDER POSITION= 18.240211363812534
INFO: other_comms_count=7
$SW,1.0,36.69889907925005,-121.93298152573111;
lrauv lat 36.69292873021995  lrauv lon -121.93551655981976
***************************************
WARNING: No range measurement for a while, using last informaiton to compute new heading
LRAUV pose [36.693189,-121.935391,19.28]: 
INFO: Elapsed time = 30.225 seconds
INFO: Sim timestamp 2025-12-05T21:49:30
DEBUG: agents_slantRange= [[-1, 0]]
DEBUG: self.agents_range= [[0. 0.]]
Agen yaw (360NorthClockwise)= 20.272955409478673
INFO: agents range:  [[0. 0.]]
INFO: agents pos:  [[177.23088745 -52.4304684   19.27911568]
 [  0.           0.           0.        ]]
INFO: targets_depth:  [10.]
INFO: new_range:  False
ranges:  [[0. 0.]]
mask before:  [False False]
mask:  [False False]
ranges[i]:  [0. 0.]
positions:  [[177.23088745 -52.4304684   19.27911568]
 [  0.           0.           0.        ]]
ranges_good:  []
positions_good:  []
targets_depth:  [10.]
step: {'agent_0': {'x': 177.2308874509763, 'y': -52.43046839721501, 'z': 0, 'rph_z': 0, 'agent_1_dx': -177.2308874509763, 'agent_1_dy': 52.43046839721501, 'agent_1_dz': 0, 'landmark_0_tracking_x': 7.960717546617632, 'landmark_0_tracking_y': -7.37105110480999, 'landmark_0_tracking_z': 10.0, 'landmark_0_range': 0}}
Processed Obs: {'agent_0': tensor([[0.5036, 0.5098, 0.0000, 0.0000, 1.0000, 1.0000],
        [0.4409, 0.5175, 0.5000, 0.0000, 1.0000, 0.0000],
        [0.5564, 0.4850, 0.4967, 0.0000, 0.0000, 0.0000]])}
INFO: Action= 1  target_predictions(x,y)=7.96m,-7.37m
Stalk target on addr 8
ODSS format: targAddr,time,lon0,lat0,range,lonTarg,latTarg,timestring
RESULT: 8,1764962020,-121.93539,36.69319,-1,-121.93728,36.69361,2025-12-05T19:13:40
INFO: Ping_count=18

reset time= 1764971264.0
NEW RUDDER POSITION= 354.37526306956545
INFO: other_comms_count=7
$SW,1.0,36.69947912202833,-121.93607254843393;
lrauv lat 36.6931933031383  lrauv lon -121.93539118987076
***************************************
WARNING: No range measurement for a while, using last informaiton to compute new heading
LRAUV pose [36.693468,-121.935409,18.43]: 
INFO: Elapsed time = 30.238 seconds
INFO: Sim timestamp 2025-12-05T21:50:00
DEBUG: agents_slantRange= [[-1, 0]]
DEBUG: self.agents_range= [[0. 0.]]
Agen yaw (360NorthClockwise)= 356.4083766083212
INFO: agents range:  [[0. 0.]]
INFO: agents pos:  [[175.29112494 -21.52672931  18.42595673]
 [  0.           0.           0.        ]]
INFO: targets_depth:  [10.]
INFO: new_range:  False
ranges:  [[0. 0.]]
mask before:  [False False]
mask:  [False False]
ranges[i]:  [0. 0.]
positions:  [[175.29112494 -21.52672931  18.42595673]
 [  0.           0.           0.        ]]
ranges_good:  []
positions_good:  []
targets_depth:  [10.]
step: {'agent_0': {'x': 175.2911249396857, 'y': -21.526729312725365, 'z': 0, 'rph_z': 0, 'agent_1_dx': -175.2911249396857, 'agent_1_dy': 21.526729312725365, 'agent_1_dz': 0, 'landmark_0_tracking_x': 7.960717546617632, 'landmark_0_tracking_y': -7.37105110480999, 'landmark_0_tracking_z': 10.0, 'landmark_0_range': 0}}
Processed Obs: {'agent_0': tensor([[0.4994, 0.5103, 0.0000, 0.0000, 1.0000, 1.0000],
        [0.4416, 0.5072, 0.5000, 0.0000, 1.0000, 0.0000],
        [0.5558, 0.4953, 0.4967, 0.0000, 0.0000, 0.0000]])}
INFO: Action= 2  target_predictions(x,y)=7.96m,-7.37m
Stalk target on addr 8
ODSS format: targAddr,time,lon0,lat0,range,lonTarg,latTarg,timestring
RESULT: 8,1764962022,-121.93541,36.69347,-1,-121.93728,36.69361,2025-12-05T19:13:42
INFO: Ping_count=18

reset time= 1764971264.0
NEW RUDDER POSITION= 356.4083766083212
INFO: other_comms_count=7
$SW,1.0,36.69977339790047,-121.93581305755687;
lrauv lat 36.693472070103994  lrauv lon -121.93540905952788
########################################
New range measurement at  1764971392.0
INFO: Elapsed time = 128.000 seconds
INFO: Sim timestamp 2025-12-05T21:50:18
Timestamp =  1764971418.532
LRAUV pose [36.693640,-121.935453,18.44]: 
Target address 8 at 162.127 meters
DEBUG: agents_slantRange= [[162.1272430419922, 0]]
DEBUG: self.agents_range= [[0. 0.]]
Agen yaw (360NorthClockwise)= 347.7956520541847
INFO: agents range:  [[162.12724304   0.        ]]
INFO: agents pos:  [[171.18744411  -2.55342456  18.43988609]
 [  0.           0.           0.        ]]
INFO: targets_depth:  [10.]
INFO: new_range:  True
ranges:  [[162.12724304   0.        ]]
mask before:  [ True False]
mask:  [ True False]
ranges[i]:  [162.12724304   0.        ]
positions:  [[171.18744411  -2.55342456  18.43988609]
 [  0.           0.           0.        ]]
ranges_good:  [162.12724304]
positions_good:  [[171.18744411  -2.55342456  18.43988609]]
targets_depth:  [10.]
pos: [171.18744411  -2.55342456  18.43988609]  depth: 10.0  r: 162.1272430419922
WARNIN, particle w too low, initializing again
WARNING 3: initializing particles
WARNING: Initializing particles
Evaluation -> covariance (CI of 98): 281.21 
ErrorPF= 28.848485668636016
Evaluaiton -> max(self.w)=0.0016 sum(self.w)=14.8669
step: {'agent_0': {'x': 171.18744411412627, 'y': -2.553424564190209, 'z': 0, 'rph_z': 0, 'agent_1_dx': -171.18744411412627, 'agent_1_dy': 2.553424564190209, 'agent_1_dz': 0, 'landmark_0_tracking_x': 46.76676232024756, 'landmark_0_tracking_y': 25.967605932716843, 'landmark_0_tracking_z': 10.0, 'landmark_0_range': 0}}
Processed Obs: {'agent_0': tensor([[0.4986, 0.5063, 0.0000, 0.0000, 1.0000, 1.0000],
        [0.4429, 0.5009, 0.5000, 0.0000, 1.0000, 0.0000],
        [0.5415, 0.4905, 0.4967, 0.0000, 0.0000, 0.0000]])}
INFO: Action= 2  target_predictions(x,y)=46.77m,25.97m
Stalk target on addr 8
ODSS format: targAddr,time,lon0,lat0,range,lonTarg,latTarg,timestring
RESULT: 8,1764962024,-121.93545,36.69364,162.13,-121.93684,36.69391,2025-12-05T19:13:44
INFO: Ping_count=19

reset time= 1764971392.0
INFO: Sending current observation to other vehicles (Timestamp, address, lat, lon, depth, range) [ 1.76497139e+09  8.00000000e+00  3.66936396e+01 -1.21935453e+02
  1.84398861e+01  1.62127243e+02]
INFO: in exa is:  69335380084212c64ac2f3def400b80655
NEW RUDDER POSITION= 347.7956520541847
INFO: other_comms_count=7
$SW,1.0,36.69982113699966,-121.93702395303113;
lrauv lat 36.6936395961947  lrauv lon -121.93545263115385
***************************************
WARNING: No range measurement for a while, using last informaiton to compute new heading
LRAUV pose [36.693750,-121.935477,18.54]: 
INFO: Elapsed time = 30.239 seconds
INFO: Sim timestamp 2025-12-05T21:50:30
DEBUG: agents_slantRange= [[-1, 0]]
DEBUG: self.agents_range= [[0. 0.]]
Agen yaw (360NorthClockwise)= 349.40179186500626
INFO: agents range:  [[0. 0.]]
INFO: agents pos:  [[168.90885669   9.62420594  18.54499626]
 [  0.           0.           0.        ]]
INFO: targets_depth:  [10.]
INFO: new_range:  False
ranges:  [[0. 0.]]
mask before:  [False False]
mask:  [False False]
ranges[i]:  [0. 0.]
positions:  [[168.90885669   9.62420594  18.54499626]
 [  0.           0.           0.        ]]
ranges_good:  []
positions_good:  []
targets_depth:  [10.]
step: {'agent_0': {'x': 168.90885668934789, 'y': 9.624205937143415, 'z': 0, 'rph_z': 0, 'agent_1_dx': -168.90885668934789, 'agent_1_dy': -9.624205937143415, 'agent_1_dz': 0, 'landmark_0_tracking_x': 46.76676232024756, 'landmark_0_tracking_y': 25.967605932716843, 'landmark_0_tracking_z': 10.0, 'landmark_0_range': 0}}
Processed Obs: {'agent_0': tensor([[0.4992, 0.5041, 0.0000, 0.0000, 1.0000, 1.0000],
        [0.4437, 0.4968, 0.5000, 0.0000, 1.0000, 0.0000],
        [0.5407, 0.4946, 0.4967, 0.0000, 0.0000, 0.0000]])}
INFO: Action= 2  target_predictions(x,y)=46.77m,25.97m
Stalk target on addr 8
ODSS format: targAddr,time,lon0,lat0,range,lonTarg,latTarg,timestring
RESULT: 8,1764962024,-121.93548,36.69375,-1,-121.93684,36.69391,2025-12-05T19:13:44
INFO: Ping_count=19

reset time= 1764971392.0
NEW RUDDER POSITION= 349.40179186500626
INFO: other_comms_count=7
$SW,1.0,36.699968031131874,-121.9368321651569;
lrauv lat 36.693753451727716  lrauv lon -121.93547662044816
***************************************
WARNING: No range measurement for a while, using last informaiton to compute new heading
LRAUV pose [36.694028,-121.935562,19.19]: 
INFO: Elapsed time = 30.255 seconds
INFO: Sim timestamp 2025-12-05T21:51:00
DEBUG: agents_slantRange= [[-1, 0]]
DEBUG: self.agents_range= [[0. 0.]]
Agen yaw (360NorthClockwise)= 345.48331764911154
INFO: agents range:  [[0. 0.]]
INFO: agents pos:  [[160.94333296  40.38764688  19.19445801]
 [  0.           0.           0.        ]]
INFO: targets_depth:  [10.]
INFO: new_range:  False
ranges:  [[0. 0.]]
mask before:  [False False]
mask:  [False False]
ranges[i]:  [0. 0.]
positions:  [[160.94333296  40.38764688  19.19445801]
 [  0.           0.           0.        ]]
ranges_good:  []
positions_good:  []
targets_depth:  [10.]
step: {'agent_0': {'x': 160.94333296187688, 'y': 40.38764687953517, 'z': 0, 'rph_z': 0, 'agent_1_dx': -160.94333296187688, 'agent_1_dy': -40.38764687953517, 'agent_1_dz': 0, 'landmark_0_tracking_x': 46.76676232024756, 'landmark_0_tracking_y': 25.967605932716843, 'landmark_0_tracking_z': 10.0, 'landmark_0_range': 0}}
Processed Obs: {'agent_0': tensor([[0.4973, 0.5103, 0.0000, 0.0000, 1.0000, 1.0000],
        [0.4464, 0.4865, 0.5000, 0.0000, 1.0000, 0.0000],
        [0.5381, 0.5048, 0.4967, 0.0000, 0.0000, 0.0000]])}
INFO: Action= 2  target_predictions(x,y)=46.77m,25.97m
Stalk target on addr 8
ODSS format: targAddr,time,lon0,lat0,range,lonTarg,latTarg,timestring
RESULT: 8,1764962026,-121.93556,36.69403,-1,-121.93684,36.69391,2025-12-05T19:13:46
INFO: Ping_count=19

reset time= 1764971392.0
NEW RUDDER POSITION= 345.48331764911154
INFO: other_comms_count=7
$SW,1.0,36.70015712851901,-121.93744173377519;
lrauv lat 36.69403167854213  lrauv lon -121.93556195033068
***************************************
WARNING: No range measurement for a while, using last informaiton to compute new heading
LRAUV pose [36.694302,-121.935662,20.53]: 
INFO: Elapsed time = 30.225 seconds
INFO: Sim timestamp 2025-12-05T21:51:31
DEBUG: agents_slantRange= [[-1, 0]]
DEBUG: self.agents_range= [[0. 0.]]
Agen yaw (360NorthClockwise)= 342.95197678714754
INFO: agents range:  [[0. 0.]]
INFO: agents pos:  [[151.6314417   70.75441515  20.53201675]
 [  0.           0.           0.        ]]
INFO: targets_depth:  [10.]
INFO: new_range:  False
ranges:  [[0. 0.]]
mask before:  [False False]
mask:  [False False]
ranges[i]:  [0. 0.]
positions:  [[151.6314417   70.75441515  20.53201675]
 [  0.           0.           0.        ]]
ranges_good:  []
positions_good:  []
targets_depth:  [10.]
step: {'agent_0': {'x': 151.63144169922452, 'y': 70.75441514793783, 'z': 0, 'rph_z': 0, 'agent_1_dx': -151.63144169922452, 'agent_1_dy': -70.75441514793783, 'agent_1_dz': 0, 'landmark_0_tracking_x': 46.76676232024756, 'landmark_0_tracking_y': 25.967605932716843, 'landmark_0_tracking_z': 10.0, 'landmark_0_range': 0}}
Processed Obs: 2025-12-05 19:13:49,541 [processing](INFO): MARL: Received Other Vehicles Observation State: [1764971392.0, 8.0, 36.695011, -121.936836, 19.3, 159.7]
{'agent_0': tensor([[0.4969, 0.5101, 0.0000, 0.0000, 1.0000, 1.0000],
        [0.4495, 0.4764, 0.5000, 0.0000, 1.0000, 0.0000],
        [0.5350, 0.5149, 0.4967, 0.0000, 0.0000, 0.0000]])}
INFO: Action= 2  target_predictions(x,y)=46.77m,25.97m
Stalk target on addr 8
ODSS format: targAddr,time,lon0,lat0,range,lonTarg,latTarg,timestring
RESULT: 8,1764962028,-121.93566,36.6943,-1,-121.93684,36.69391,2025-12-05T19:13:48
INFO: Ping_count=19

reset time= 1764971392.0
NEW RUDDER POSITION= 342.95197678714754
INFO: other_comms_count=7
$SW,1.0,36.70035873587942,-121.93787632822988;
lrauv lat 36.694306123967706  lrauv lon -121.93566239915742
***************************************************************************************************
RECEIVED: New data from nearby agents [timestamp, agent address, agent x, agent y, agent z, range]: [1764971392.0, 8.0, 36.695011, -121.936836, 19.3, 159.7]
***************************************************************************************************
***************************************
WARNING: No range measurement for a while, using last informaiton to compute new heading
LRAUV pose [36.694574,-121.935777,21.52]: 
INFO: Elapsed time = 30.239 seconds
INFO: Sim timestamp 2025-12-05T21:52:01
DEBUG: agents_slantRange= [[-1, 159.7]]
DEBUG: self.agents_range= [[0. 0.]]
Agen yaw (360NorthClockwise)= 340.5290576289774
INFO: agents range:  [[  0.  159.7]]
INFO: agents pos:  [[141.02894449 100.74326929  21.51947403]
 [ 45.9154789  148.20925176  19.3       ]]
INFO: targets_depth:  [10.]
INFO: new_range:  True
ranges:  [[  0.  159.7]]
mask before:  [False  True]
mask:  [False  True]
ranges[i]:  [  0.  159.7]
positions:  [[141.02894449 100.74326929  21.51947403]
 [ 45.9154789  148.20925176  19.3       ]]
ranges_good:  [159.7]
positions_good:  [[ 45.9154789  148.20925176  19.3       ]]
targets_depth:  [10.]
pos: [ 45.9154789  148.20925176  19.3       ]  depth: 10.0  r: 159.7
Evaluation -> covariance (CI of 98): 374.78 
ErrorPF= 2.400117157123333
Evaluaiton -> max(self.w)=0.0798 sum(self.w)=61.9714
step: {'agent_0': {'x': 141.02894448803272, 'y': 100.74326928658411, 'z': 0, 'rph_z': 0, 'agent_1_dx': -95.11346558935475, 'agent_1_dy': 47.46598247718066, 'agent_1_dz': 0, 'landmark_0_tracking_x': 46.368655972294086, 'landmark_0_tracking_y': 6.170618305577698, 'landmark_0_tracking_z': 10.0, 'landmark_0_range': 0}}
Processed Obs: {'agent_0': tensor([[0.4965, 0.5100, 0.0000, 0.0000, 1.0000, 1.0000],
        [0.4683, 0.5158, 0.5000, 0.0000, 1.0000, 0.0000],
        [0.5316, 0.5315, 0.4967, 0.0000, 0.0000, 0.0000]])}
INFO: Action= 2  target_predictions(x,y)=46.37m,6.17m
Stalk target on addr 8
ODSS format: targAddr,time,lon0,lat0,range,lonTarg,latTarg,timestring
RESULT: 8,1764962031,-121.93578,36.69457,-1.0,-121.93685,36.69373,2025-12-05T19:13:51
INFO: Ping_count=20

reset time= 1764971392.0
NEW RUDDER POSITION= 340.5290576289774
INFO: other_comms_count=8
$SW,1.0,36.70054927112881,-121.9383070677809;
lrauv lat 36.6945774454013  lrauv lon -121.9357773406402
########################################
New range measurement at  1764971520.0
INFO: Elapsed time = 128.000 seconds
INFO: Sim timestamp 2025-12-05T21:52:18
Timestamp =  1764971538.652
LRAUV pose [36.694731,-121.935849,21.57]: 
Target address 8 at 177.160 meters
DEBUG: agents_slantRange= [[177.1604461669922, 0]]
DEBUG: self.agents_range= [[0. 0.]]
Agen yaw (360NorthClockwise)= 339.2190918035372
INFO: agents range:  [[177.16044617   0.        ]]
INFO: agents pos:  [[134.42649312 118.14180712  21.56715393]
 [  0.           0.           0.        ]]
INFO: targets_depth:  [10.]
INFO: new_range:  True
ranges:  [[177.16044617   0.        ]]
mask before:  [ True False]
mask:  [ True False]
ranges[i]:  [177.16044617   0.        ]
positions:  [[134.42649312 118.14180712  21.56715393]
 [  0.           0.           0.        ]]
ranges_good:  [177.16044617]
positions_good:  [[134.42649312 118.14180712  21.56715393]]
targets_depth:  [10.]
pos: [134.42649312 118.14180712  21.56715393]  depth: 10.0  r: 177.1604461669922
Evaluation -> covariance (CI of 98): 462.32 
ErrorPF= 2.5429233695120104
Evaluaiton -> max(self.w)=0.0798 sum(self.w)=68.5505
step: {'agent_0': {'x': 134.42649311944842, 'y': 118.14180711982772, 'z': 0, 'rph_z': 0, 'agent_1_dx': -134.42649311944842, 'agent_1_dy': -118.14180711982772, 'agent_1_dz': 0, 'landmark_0_tracking_x': 53.100807664064476, 'landmark_0_tracking_y': -12.807298722292305, 'landmark_0_tracking_z': 10.0, 'landmark_0_range': 0}}
Processed Obs: {'agent_0': tensor([[0.4978, 0.5058, 0.0000, 0.0000, 1.0000, 1.0000],
        [0.4552, 0.4606, 0.5000, 0.0000, 1.0000, 0.0000],
        [0.5271, 0.5436, 0.4967, 0.0000, 0.0000, 0.0000]])}
INFO: Action= 0  target_predictions(x,y)=53.10m,-12.81m
Stalk target on addr 8
ODSS format: targAddr,time,lon0,lat0,range,lonTarg,latTarg,timestring
RESULT: 8,1764962032,-121.93585,36.69473,177.16,-121.93678,36.69356,2025-12-05T19:13:52
INFO: Ping_count=21

reset time= 1764971520.0
INFO: Sending current observation to other vehicles (Timestamp, address, lat, lon, depth, range) [ 1.76497152e+09  8.00000000e+00  3.66947311e+01 -1.21935849e+02
  2.15671539e+01  1.77160446e+02]
INFO: in exa is:  69335400084212c768c2f3df2800d806ec
NEW RUDDER POSITION= 287.48100290322384
INFO: other_comms_count=8
$SW,1.0,36.696692965713076,-121.94329602908459;
lrauv lat 36.69473114109055  lrauv lon -121.93584907665213
***************************************
WARNING: No range measurement for a while, using last informaiton to compute new heading
LRAUV pose [36.694839,-121.935911,21.48]: 
INFO: Elapsed time = 30.240 seconds
INFO: Sim timestamp 2025-12-05T21:52:31
DEBUG: agents_slantRange= [[-1, 0]]
DEBUG: self.agents_range= [[0. 0.]]
Agen yaw (360NorthClockwise)= 334.4456488229707
INFO: agents range:  [[0. 0.]]
INFO: agents pos:  [[128.76118777 129.99042814  21.47775269]
 [  0.           0.           0.        ]]
INFO: targets_depth:  [10.]
INFO: new_range:  False
ranges:  [[0. 0.]]
mask before:  [False False]
mask:  [False False]
ranges[i]:  [0. 0.]
positions:  [[128.76118777 129.99042814  21.47775269]
 [  0.           0.           0.        ]]
ranges_good:  []
positions_good:  []
targets_depth:  [10.]
step: {'agent_0': {'x': 128.761187770986, 'y': 129.99042813898996, 'z': 0, 'rph_z': 0, 'agent_1_dx': -128.761187770986, 'agent_1_dy': -129.99042813898996, 'agent_1_dz': 0, 'landmark_0_tracking_x': 53.100807664064476, 'landmark_0_tracking_y': -12.807298722292305, 'landmark_0_tracking_z': 10.0, 'landmark_0_range': 0}}
Processed Obs: {'agent_0': tensor([[0.4981, 0.5039, 0.0000, 0.0000, 1.0000, 1.0000],
        [0.4571, 0.4567, 0.5000, 0.0000, 1.0000, 0.0000],
        [0.5252, 0.5476, 0.4967, 0.0000, 0.0000, 0.0000]])}
INFO: Action= 0  target_predictions(x,y)=53.10m,-12.81m
Stalk target on addr 8
ODSS format: targAddr,time,lon0,lat0,range,lonTarg,latTarg,timestring
RESULT: 8,1764962033,-121.93591,36.69484,-1,-121.93678,36.69356,2025-12-05T19:13:53
INFO: Ping_count=21

reset time= 1764971520.0
NEW RUDDER POSITION= 282.70755992265737
INFO: other_comms_count=8
$SW,1.0,36.696297419934915,-121.94353485260247;
lrauv lat 36.694841454887936  lrauv lon -121.93591101340658
***************************************
WARNING: No range measurement for a while, using last informaiton to compute new heading
LRAUV pose [36.694926,-121.936225,20.99]: 
INFO: Elapsed time = 30.254 seconds
INFO: Sim timestamp 2025-12-05T21:53:01
DEBUG: agents_slantRange= [[-1, 0]]
DEBUG: self.agents_range= [[0. 0.]]
Agen yaw (360NorthClockwise)= 288.40572110698037
INFO: agents range:  [[0. 0.]]
INFO: agents pos:  [[100.62745652 139.35239507  20.99212074]
 [  0.           0.           0.        ]]
INFO: targets_depth:  [10.]
INFO: new_range:  False
ranges:  [[0. 0.]]
mask before:  [False False]
mask:  [False False]
ranges[i]:  [0. 0.]
positions:  [[100.62745652 139.35239507  20.99212074]
 [  0.           0.           0.        ]]
ranges_good:  []
positions_good:  []
targets_depth:  [10.]
step: {'agent_0': {'x': 100.62745651975274, 'y': 139.35239507071674, 'z': 0, 'rph_z': 0, 'agent_1_dx': -100.62745651975274, 'agent_1_dy': -139.35239507071674, 'agent_1_dz': 0, 'landmark_0_tracking_x': 53.100807664064476, 'landmark_0_tracking_y': -12.807298722292305, 'landmark_0_tracking_z': 10.0, 'landmark_0_range': 0}}
Processed Obs: {'agent_0': tensor([[0.4906, 0.5031, 0.0000, 0.0000, 1.0000, 1.0000],
        [0.4665, 0.4535, 0.5000, 0.0000, 1.0000, 0.0000],
        [0.5158, 0.5507, 0.4967, 0.0000, 0.0000, 0.0000]])}
INFO: Action= 1  target_predictions(x,y)=53.10m,-12.81m
Stalk target on addr 8
ODSS format: targAddr,time,lon0,lat0,range,lonTarg,latTarg,timestring
RESULT: 8,1764962035,-121.93622,36.69493,-1,-121.93678,36.69356,2025-12-05T19:13:55
INFO: Ping_count=21

reset time= 1764971520.0
NEW RUDDER POSITION= 262.5080287670671
INFO: other_comms_count=8
$SW,1.0,36.69417257888636,-121.9440038526172;
lrauv lat 36.694926082346136  lrauv lon -121.93622473657575
***************************************
WARNING: No range measurement for a while, using last informaiton to compute new heading
LRAUV pose [36.694893,-121.936573,19.59]: 
INFO: Elapsed time = 30.228 seconds
INFO: Sim timestamp 2025-12-05T21:53:32
DEBUG: agents_slantRange= [[-1, 0]]
DEBUG: self.agents_range= [[0. 0.]]
Agen yaw (360NorthClockwise)= 262.6646479175858
INFO: agents range:  [[0. 0.]]
INFO: agents pos:  [[ 69.58994748 135.3569322   19.58705139]
 [  0.           0.           0.        ]]
INFO: targets_depth:  [10.]
INFO: new_range:  False
ranges:  [[0. 0.]]
mask before:  [False False]
mask:  [False False]
ranges[i]:  [0. 0.]
positions:  [[ 69.58994748 135.3569322   19.58705139]
 [  0.           0.           0.        ]]
ranges_good:  []
positions_good:  []
targets_depth:  [10.]
step: {'agent_0': {'x': 69.58994747942779, 'y': 135.35693219583482, 'z': 0, 'rph_z': 0, 'agent_1_dx': -69.58994747942779, 'agent_1_dy': -135.35693219583482, 'agent_1_dz': 0, 'landmark_0_tracking_x': 53.100807664064476, 'landmark_0_tracking_y': -12.807298722292305, 'landmark_0_tracking_z': 10.0, 'landmark_0_range': 0}}
Processed Obs: {'agent_0': tensor([[0.4897, 0.4987, 0.0000, 0.0000, 1.0000, 1.0000],
        [0.4768, 0.4549, 0.5000, 0.0000, 1.0000, 0.0000],
        [0.5055, 0.5494, 0.4967, 0.0000, 0.0000, 0.0000]])}
INFO: Action= 2  target_predictions(x,y)=53.10m,-12.81m
Stalk target on addr 8
ODSS format: targAddr,time,lon0,lat0,range,lonTarg,latTarg,timestring
RESULT: 8,1764962037,-121.93657,36.69489,-1,-121.93678,36.69356,2025-12-05T19:13:57
INFO: Ping_count=21

reset time= 1764971520.0
NEW RUDDER POSITION= 262.6646479175858
INFO: other_comms_count=8
$SW,1.0,36.69415549412629,-121.94435425858079;
lrauv lat 36.69489189337224  lrauv lon -121.93657261928095
***************************************
WARNING: No range measurement for a while, using last informaiton to compute new heading
LRAUV pose [36.694830,-121.936921,18.49]: 
INFO: Elapsed time = 30.239 seconds
INFO: Sim timestamp 2025-12-05T21:54:02
DEBUG: agents_slantRange= [[-1, 0]]
DEBUG: self.agents_range= [[0. 0.]]
Agen yaw (360NorthClockwise)= 256.71597307915056
INFO: agents range:  [[0. 0.]]
INFO: agents pos:  [[ 38.55151958 128.02889466  18.49485207]
 [  0.           0.           0.        ]]
INFO: targets_depth:  [10.]
INFO: new_range:  False
ranges:  [[0. 0.]]
mask before:  [False False]
mask:  [False False]
ranges[i]:  [0. 0.]
positions:  [[ 38.55151958 128.02889466  18.49485207]
 [  0.           0.           0.        ]]
ranges_good:  []
positions_good:  []
targets_depth:  [10.]
step: {'agent_0': {'x': 38.551519579137675, 'y': 128.02889466146007, 'z': 0, 'rph_z': 0, 'agent_1_dx': -38.551519579137675, 'agent_1_dy': -128.02889466146007, 'agent_1_dz': 0, 'landmark_0_tracking_x': 53.100807664064476, 'landmark_0_tracking_y': -12.807298722292305, 'landmark_0_tracking_z': 10.0, 'landmark_0_range': 0}}
Processed Obs: {'agent_0': tensor([[0.4897, 0.4976, 0.0000, 0.0000, 1.0000, 1.0000],
        [0.4871, 0.4573, 0.5000, 0.0000, 1.0000, 0.0000],
        [0.4952, 0.5469, 0.4967, 0.0000, 0.0000, 0.0000]])}
INFO: Action= 2  target_predictions(x,y)=53.10m,-12.81m
Stalk target on addr 8
ODSS format: targAddr,time,lon0,lat0,range,lonTarg,latTarg,timestring
RESULT: 8,1764962039,-121.93692,36.69483,-1,-121.93678,36.69356,2025-12-05T19:13:59
INFO: Ping_count=21

reset time= 1764971520.0
NEW RUDDER POSITION= 256.71597307915056
INFO: other_comms_count=8
$SW,1.0,36.69344717759989,-121.94456584931915;
lrauv lat 36.69482908619098  lrauv lon -121.93692092559404
########################################
New range measurement at  1764971648.0
INFO: Elapsed time = 128.000 seconds
INFO: Sim timestamp 2025-12-05T21:54:18
Timestamp =  1764971658.77
LRAUV pose [36.694791,-121.937113,18.41]: 
Target address 8 at 132.854 meters
DEBUG: agents_slantRange= [[132.8542938232422, 0]]
DEBUG: self.agents_range= [[0. 0.]]
Agen yaw (360NorthClockwise)= 255.243471934416
INFO: agents range:  [[132.85429382   0.        ]]
INFO: agents pos:  [[ 21.4150668  123.5151553   18.41082764]
 [  0.           0.           0.        ]]
INFO: targets_depth:  [10.]
INFO: new_range:  True
ranges:  [[132.85429382   0.        ]]
mask before:  [ True False]
mask:  [ True False]
ranges[i]:  [132.85429382   0.        ]
positions:  [[ 21.4150668  123.5151553   18.41082764]
 [  0.           0.           0.        ]]
ranges_good:  [132.85429382]
positions_good:  [[ 21.4150668  123.5151553   18.41082764]]
targets_depth:  [10.]
pos: [ 21.4150668  123.5151553   18.41082764]  depth: 10.0  r: 132.8542938232422
Evaluation -> covariance (CI of 98): 192.14 
ErrorPF= 1.2286896154941473
Evaluaiton -> max(self.w)=0.0798 sum(self.w)=109.6024
step: {'agent_0': {'x': 21.4150668035727, 'y': 123.51515529910102, 'z': 0, 'rph_z': 0, 'agent_1_dx': -21.4150668035727, 'agent_1_dy': -123.51515529910102, 'agent_1_dz': 0, 'landmark_0_tracking_x': 6.362372204572965, 'landmark_0_tracking_y': -6.4722548129531345, 'landmark_0_tracking_z': 10.0, 'landmark_0_range': 0}}
Processed Obs: {'agent_0': tensor([[0.4943, 0.4985, 0.0000, 0.0000, 1.0000, 1.0000],
        [0.4929, 0.4588, 0.5000, 0.0000, 1.0000, 0.0000],
        [0.5050, 0.5433, 0.4967, 0.0000, 0.0000, 0.0000]])}
INFO: Action= 2  target_predictions(x,y)=6.36m,-6.47m
Stalk target on addr 8
ODSS format: targAddr,time,lon0,lat0,range,lonTarg,latTarg,timestring
RESULT: 8,1764962040,-121.93711,36.69479,132.85,-121.9373,36.69362,2025-12-05T19:14:00
INFO: Ping_count=22

reset time= 1764971648.0
INFO: Sending current observation to other vehicles (Timestamp, address, lat, lon, depth, range) [ 1.76497165e+09  8.00000000e+00  3.66947909e+01 -1.21937113e+02
  1.84108276e+01  1.32854294e+02]
INFO: in exa is:  69335480084212c777c2f3dfcd00b80531
NEW RUDDER POSITION= 255.243471934416
INFO: other_comms_count=8
$SW,1.0,36.69325120330964,-121.9447115731916;
lrauv lat 36.69479087231098  lrauv lon -121.93711328486947
***************************************
WARNING: No range measurement for a while, using last informaiton to compute new heading
LRAUV pose [36.694754,-121.937266,18.50]: 
INFO: Elapsed time = 30.240 seconds
INFO: Sim timestamp 2025-12-05T21:54:32
DEBUG: agents_slantRange= [[-1, 0]]
DEBUG: self.agents_range= [[0. 0.]]
Agen yaw (360NorthClockwise)= 252.7158975936146
INFO: agents range:  [[0. 0.]]
INFO: agents pos:  [[  7.85036971 119.29435113  18.50310326]
 [  0.           0.           0.        ]]
INFO: targets_depth:  [10.]
INFO: new_range:  False
ranges:  [[0. 0.]]
mask before:  [False False]
mask:  [False False]
ranges[i]:  [0. 0.]
positions:  [[  7.85036971 119.29435113  18.50310326]
 [  0.           0.           0.        ]]
ranges_good:  []
positions_good:  []
targets_depth:  [10.]
step: {'agent_0': {'x': 7.850369713385589, 'y': 119.29435113305226, 'z': 0, 'rph_z': 0, 'agent_1_dx': -7.850369713385589, 'agent_1_dy': -119.29435113305226, 'agent_1_dz': 0, 'landmark_0_tracking_x': 6.362372204572965, 'landmark_0_tracking_y': -6.4722548129531345, 'landmark_0_tracking_z': 10.0, 'landmark_0_range': 0}}
Processed Obs: 2025-12-05 19:14:01,916 [processing](INFO): MARL: Received Other Vehicles Observation State: [1764971648.0, 8.0, 36.694195, -121.938721, 20.7, 148.2]
{'agent_0': tensor([[0.4955, 0.4986, 0.0000, 0.0000, 1.0000, 1.0000],
        [0.4974, 0.4602, 0.5000, 0.0000, 1.0000, 0.0000],
        [0.5005, 0.5419, 0.4967, 0.0000, 0.0000, 0.0000]])}
INFO: Action= 2  target_predictions(x,y)=6.36m,-6.47m
Stalk target on addr 8
ODSS format: targAddr,time,lon0,lat0,range,lonTarg,latTarg,timestring
RESULT: 8,1764962041,-121.93727,36.69475,-1,-121.9373,36.69362,2025-12-05T19:14:01
INFO: Ping_count=22

reset time= 1764971648.0
NEW RUDDER POSITION= 252.7158975936146
INFO: other_comms_count=8
$SW,1.0,36.6929449548081,-121.94477219306864;
lrauv lat 36.694752981843976  lrauv lon -121.93726563089238
***************************************************************************************************
RECEIVED: New data from nearby agents [timestamp, agent address, agent x, agent y, agent z, range]: [1764971648.0, 8.0, 36.694195, -121.938721, 20.7, 148.2]
***************************************************************************************************
***************************************
WARNING: No range measurement for a while, using last informaiton to compute new heading
LRAUV pose [36.694658,-121.937603,18.98]: 
INFO: Elapsed time = 30.254 seconds
INFO: Sim timestamp 2025-12-05T21:55:02
DEBUG: agents_slantRange= [[-1, 148.2]]
DEBUG: self.agents_range= [[0. 0.]]
Agen yaw (360NorthClockwise)= 249.87801724078957
INFO: agents range:  [[  0.  148.2]]
INFO: agents pos:  [[ -22.16846819  108.29595485   18.97973633]
 [-121.47822016   55.82215562   20.7       ]]
INFO: targets_depth:  [10.]
INFO: new_range:  True
ranges:  [[  0.  148.2]]
mask before:  [False  True]
mask:  [False  True]
ranges[i]:  [  0.  148.2]
positions:  [[ -22.16846819  108.29595485   18.97973633]
 [-121.47822016   55.82215562   20.7       ]]
ranges_good:  [148.2]
positions_good:  [[-121.47822016   55.82215562   20.7       ]]
targets_depth:  [10.]
pos: [-121.47822016   55.82215562   20.7       ]  depth: 10.0  r: 148.2
Evaluation -> covariance (CI of 98): 124.05 
ErrorPF= 0.23369271225857347
Evaluaiton -> max(self.w)=0.0798 sum(self.w)=196.9517
step: {'agent_0': {'x': -22.168468186049722, 'y': 108.29595485236496, 'z': 0, 'rph_z': 0, 'agent_1_dx': -99.30975197104272, 'agent_1_dy': -52.473799237050116, 'agent_1_dz': 0, 'landmark_0_tracking_x': 9.960335031342423, 'landmark_0_tracking_y': -8.499156431091485, 'landmark_0_tracking_z': 10.0, 'landmark_0_range': 0}}
Processed Obs: {'agent_0': tensor([[0.4900, 0.4963, 0.0000, 0.0000, 1.0000, 1.0000],
        [0.4669, 0.4825, 0.5000, 0.0000, 1.0000, 0.0000],
        [0.4893, 0.5389, 0.4967, 0.0000, 0.0000, 0.0000]])}
INFO: Action= 2  target_predictions(x,y)=9.96m,-8.50m
Stalk target on addr 8
ODSS format: targAddr,time,lon0,lat0,range,lonTarg,latTarg,timestring
RESULT: 8,1764962043,-121.9376,36.69466,-1.0,-121.93726,36.6936,2025-12-05T19:14:03
INFO: Ping_count=23

reset time= 1764971648.0
NEW RUDDER POSITION= 249.87801724078957
INFO: other_comms_count=9
$SW,1.0,36.69255151297967,-121.94498914902631;
lrauv lat 36.694656636084034  lrauv lon -121.93760297957459
***************************************
WARNING: No range measurement for a while, using last informaiton to compute new heading
LRAUV pose [36.694552,-121.937935,20.19]: 
INFO: Elapsed time = 30.226 seconds
INFO: Sim timestamp 2025-12-05T21:55:33
DEBUG: agents_slantRange= [[-1, 0]]
DEBUG: self.agents_range= [[0. 0.]]
Agen yaw (360NorthClockwise)= 247.7556704067494
INFO: agents range:  [[0. 0.]]
INFO: agents pos:  [[-51.666083    96.23156979  20.19347763]
 [  0.           0.           0.        ]]
INFO: targets_depth:  [10.]
INFO: new_range:  False
ranges:  [[0. 0.]]
mask before:  [False False]
mask:  [False False]
ranges[i]:  [0. 0.]
positions:  [[-51.666083    96.23156979  20.19347763]
 [  0.           0.           0.        ]]
ranges_good:  []
positions_good:  []
targets_depth:  [10.]
step: {'agent_0': {'x': -51.666082995478064, 'y': 96.23156978562474, 'z': 0, 'rph_z': 0, 'agent_1_dx': 51.666082995478064, 'agent_1_dy': -96.23156978562474, 'agent_1_dz': 0, 'landmark_0_tracking_x': 9.960335031342423, 'landmark_0_tracking_y': -8.499156431091485, 'landmark_0_tracking_z': 10.0, 'landmark_0_range': 0}}
Processed Obs: {'agent_0': tensor([[0.4902, 0.4960, 0.0000, 0.0000, 1.0000, 1.0000],
        [0.5172, 0.4679, 0.5000, 0.0000, 1.0000, 0.0000],
        [0.4795, 0.5349, 0.4967, 0.0000, 0.0000, 0.0000]])}
INFO: Action= 1  target_predictions(x,y)=9.96m,-8.50m
Stalk target on addr 8
ODSS format: targAddr,time,lon0,lat0,range,lonTarg,latTarg,timestring
RESULT: 8,1764962045,-121.93793,36.69455,-1,-121.93726,36.6936,2025-12-05T19:14:05
INFO: Ping_count=23

reset time= 1764971648.0
NEW RUDDER POSITION= 221.8579780668362
INFO: other_comms_count=9
$SW,1.0,36.6898980636803,-121.94322693858867;
lrauv lat 36.694550752046105  lrauv lon -121.93793462585239
***************************************
WARNING: No range measurement for a while, using last informaiton to compute new heading
LRAUV pose [36.694364,-121.938185,21.33]: 
INFO: Elapsed time = 30.240 seconds
INFO: Sim timestamp 2025-12-05T21:56:03
DEBUG: agents_slantRange= [[-1, 0]]
DEBUG: self.agents_range= [[0. 0.]]
Agen yaw (360NorthClockwise)= 226.2790509304533
INFO: agents range:  [[0. 0.]]
INFO: agents pos:  [[-73.80279887  75.06177395  21.32652855]
 [  0.           0.           0.        ]]
INFO: targets_depth:  [10.]
INFO: new_range:  False
ranges:  [[0. 0.]]
mask before:  [False False]
mask:  [False False]
ranges[i]:  [0. 0.]
positions:  [[-73.80279887  75.06177395  21.32652855]
 [  0.           0.           0.        ]]
ranges_good:  []
positions_good:  []
targets_depth:  [10.]
step: {'agent_0': {'x': -73.80279887036886, 'y': 75.06177394790575, 'z': 0, 'rph_z': 0, 'agent_1_dx': 73.80279887036886, 'agent_1_dy': -75.06177394790575, 'agent_1_dz': 0, 'landmark_0_tracking_x': 9.960335031342423, 'landmark_0_tracking_y': -8.499156431091485, 'landmark_0_tracking_z': 10.0, 'landmark_0_range': 0}}
Processed Obs: {'agent_0': tensor([[0.4926, 0.4929, 0.0000, 0.0000, 1.0000, 1.0000],
        [0.5246, 0.4750, 0.5000, 0.0000, 1.0000, 0.0000],
        [0.4721, 0.5279, 0.4967, 0.0000, 0.0000, 0.0000]])}
INFO: Action= 1  target_predictions(x,y)=9.96m,-8.50m
Stalk target on addr 8
ODSS format: targAddr,time,lon0,lat0,range,lonTarg,latTarg,timestring
RESULT: 8,1764962047,-121.93819,36.69436,-1,-121.93726,36.6936,2025-12-05T19:14:07
INFO: Ping_count=23

reset time= 1764971648.0
NEW RUDDER POSITION= 200.3813585905401
INFO: other_comms_count=9
$SW,1.0,36.68847043123075,-121.94099469431006;
lrauv lat 36.69436048040993  lrauv lon -121.93818501367845
########################################
New range measurement at  1764971776.0
INFO: Elapsed time = 128.000 seconds
INFO: Sim timestamp 2025-12-05T21:56:18
Timestamp =  1764971778.887
LRAUV pose [36.694230,-121.938266,21.53]: 
Target address 8 at 116.439 meters
DEBUG: agents_slantRange= [[116.43905639648438, 0]]
DEBUG: self.agents_range= [[0. 0.]]
Agen yaw (360NorthClockwise)= 205.3106053411361
INFO: agents range:  [[116.4390564   0.       ]]
INFO: agents pos:  [[-80.8773312   60.10265224  21.53154945]
 [  0.           0.           0.        ]]
INFO: targets_depth:  [10.]
INFO: new_range:  True
ranges:  [[116.4390564   0.       ]]
mask before:  [ True False]
mask:  [ True False]
ranges[i]:  [116.4390564   0.       ]
positions:  [[-80.8773312   60.10265224  21.53154945]
 [  0.           0.           0.        ]]
ranges_good:  [116.4390564]
positions_good:  [[-80.8773312   60.10265224  21.53154945]]
targets_depth:  [10.]
pos: [-80.8773312   60.10265224  21.53154945]  depth: 10.0  r: 116.43905639648438
Evaluation -> covariance (CI of 98): 71.99 
ErrorPF= 0.028333616882605384
Evaluaiton -> max(self.w)=0.0798 sum(self.w)=454.9728
step: {'agent_0': {'x': -80.87733120319899, 'y': 60.10265223728493, 'z': 0, 'rph_z': 0, 'agent_1_dx': 80.87733120319899, 'agent_1_dy': -60.10265223728493, 'agent_1_dz': 0, 'landmark_0_tracking_x': 10.892470563779115, 'landmark_0_tracking_y': -10.181133521894976, 'landmark_0_tracking_z': 10.0, 'landmark_0_range': 0}}
Processed Obs: 2025-12-05 19:14:13,947 [processing](INFO): MARL: Received Other Vehicles Observation State: [1764971776.0, 8.0, 36.693111, -121.938652, 19.0, 139.6]
{'agent_0': tensor([[0.4976, 0.4950, 0.0000, 0.0000, 1.0000, 1.0000],
        [0.5270, 0.4800, 0.5000, 0.0000, 1.0000, 0.0000],
        [0.4694, 0.5234, 0.4967, 0.0000, 0.0000, 0.0000]])}
INFO: Action= 2  target_predictions(x,y)=10.89m,-10.18m
Stalk target on addr 8
ODSS format: targAddr,time,lon0,lat0,range,lonTarg,latTarg,timestring
RESULT: 8,1764962049,-121.93827,36.69423,116.44,-121.93725,36.69359,2025-12-05T19:14:09
INFO: Ping_count=24

reset time= 1764971776.0
INFO: Sending current observation to other vehicles (Timestamp, address, lat, lon, depth, range) [ 1.76497178e+09  8.00000000e+00  3.66942295e+01 -1.21938266e+02
  2.15315495e+01  1.16439056e+02]
INFO: in exa is:  69335500084212c6e4c2f3e06400d7048c
NEW RUDDER POSITION= 205.3106053411361
INFO: other_comms_count=9
$SW,1.0,36.6885556806636,-121.94169374557609;
lrauv lat 36.69422952984482  lrauv lon -121.9382660488489
***************************************
WARNING: No range measurement for a while, using last informaiton to compute new heading
LRAUV pose [36.694101,-121.938315,21.49]: 
INFO: Elapsed time = 30.240 seconds
INFO: Sim timestamp 2025-12-05T21:56:33
DEBUG: agents_slantRange= [[-1, 0]]
DEBUG: self.agents_range= [[0. 0.]]
Agen yaw (360NorthClockwise)= 196.24088028368118
INFO: agents range:  [[0. 0.]]
INFO: agents pos:  [[-85.05311837  45.76768275  21.4933033 ]
 [  0.           0.           0.        ]]
INFO: targets_depth:  [10.]
INFO: new_range:  False
ranges:  [[0. 0.]]
mask before:  [False False]
mask:  [False False]
ranges[i]:  [0. 0.]
positions:  [[-85.05311837  45.76768275  21.4933033 ]
 [  0.           0.           0.        ]]
ranges_good:  []
positions_good:  []
targets_depth:  [10.]
step: {'agent_0': {'x': -85.05311836698093, 'y': 45.76768274605274, 'z': 0, 'rph_z': 0, 'agent_1_dx': 85.05311836698093, 'agent_1_dy': -45.76768274605274, 'agent_1_dz': 0, 'landmark_0_tracking_x': 10.892470563779115, 'landmark_0_tracking_y': -10.181133521894976, 'landmark_0_tracking_z': 10.0, 'landmark_0_range': 0}}
Processed Obs: {'agent_0': tensor([[0.4986, 0.4952, 0.0000, 0.0000, 1.0000, 1.0000],
        [0.5284, 0.4847, 0.5000, 0.0000, 1.0000, 0.0000],
        [0.4680, 0.5186, 0.4967, 0.0000, 0.0000, 0.0000]])}
INFO: Action= 2  target_predictions(x,y)=10.89m,-10.18m
Stalk target on addr 8
ODSS format: targAddr,time,lon0,lat0,range,lonTarg,latTarg,timestring
RESULT: 8,1764962049,-121.93831,36.6941,-1,-121.93725,36.69359,2025-12-05T19:14:09
INFO: Ping_count=24

reset time= 1764971776.0
NEW RUDDER POSITION= 196.24088028368118
INFO: other_comms_count=9
$SW,1.0,36.68805889164365,-121.94058884258563;
lrauv lat 36.694096940776824  lrauv lon -121.93831456255941
***************************************
WARNING: No range measurement for a while, using last informaiton to compute new heading
LRAUV pose [36.693822,-121.938399,21.15]: 
INFO: Elapsed time = 30.248 seconds
INFO: Sim timestamp 2025-12-05T21:57:03
DEBUG: agents_slantRange= [[-1, 0]]
DEBUG: self.agents_range= [[0. 0.]]
Agen yaw (360NorthClockwise)= 193.10754845382345
INFO: agents range:  [[0. 0.]]
INFO: agents pos:  [[-92.26006796  14.81613443  21.14665985]
 [  0.           0.           0.        ]]
INFO: targets_depth:  [10.]
INFO: new_range:  False
ranges:  [[0. 0.]]
mask before:  [False False]
mask:  [False False]
ranges[i]:  [0. 0.]
positions:  [[-92.26006796  14.81613443  21.14665985]
 [  0.           0.           0.        ]]
ranges_good:  []
positions_good:  []
targets_depth:  [10.]
step: {'agent_0': {'x': -92.26006795710418, 'y': 14.81613443326205, 'z': 0, 'rph_z': 0, 'agent_1_dx': 92.26006795710418, 'agent_1_dy': -14.81613443326205, 'agent_1_dz': 0, 'landmark_0_tracking_x': 10.892470563779115, 'landmark_0_tracking_y': -10.181133521894976, 'landmark_0_tracking_z': 10.0, 'landmark_0_range': 0}}
Processed Obs: {'agent_0': tensor([[0.4976, 0.4897, 0.0000, 0.0000, 1.0000, 1.0000],
        [0.5308, 0.4951, 0.5000, 0.0000, 1.0000, 0.0000],
        [0.4656, 0.5083, 0.4967, 0.0000, 0.0000, 0.0000]])}
INFO: Action= 2  target_predictions(x,y)=10.89m,-10.18m
Stalk target on addr 8
ODSS format: targAddr,time,lon0,lat0,range,lonTarg,latTarg,timestring
RESULT: 8,1764962051,-121.9384,36.69382,-1,-121.93725,36.69359,2025-12-05T19:14:11
INFO: Ping_count=24

reset time= 1764971776.0
NEW RUDDER POSITION= 193.10754845382345
INFO: other_comms_count=9
$SW,1.0,36.68768939810633,-121.9402601323322;
lrauv lat 36.69381853243427  lrauv lon -121.9383990612223
***************************************
WARNING: No range measurement for a while, using last informaiton to compute new heading
LRAUV pose [36.693541,-121.938464,20.10]: 
INFO: Elapsed time = 30.231 seconds
INFO: Sim timestamp 2025-12-05T21:57:34
DEBUG: agents_slantRange= [[-1, 0]]
DEBUG: self.agents_range= [[0. 0.]]
Agen yaw (360NorthClockwise)= 189.86222359216788
INFO: agents range:  [[0. 0.]]
INFO: agents pos:  [[-97.70231865 -16.4884049   20.10455322]
 [  0.           0.           0.        ]]
INFO: targets_depth:  [10.]
INFO: new_range:  False
ranges:  [[0. 0.]]
mask before:  [False False]
mask:  [False False]
ranges[i]:  [0. 0.]
positions:  [[-97.70231865 -16.4884049   20.10455322]
 [  0.           0.           0.        ]]
ranges_good:  []
positions_good:  []
targets_depth:  [10.]
step: {'agent_0': {'x': -97.70231864810921, 'y': -16.488404903095216, 'z': 0, 'rph_z': 0, 'agent_1_dx': 97.70231864810921, 'agent_1_dy': 16.488404903095216, 'agent_1_dz': 0, 'landmark_0_tracking_x': 10.892470563779115, 'landmark_0_tracking_y': -10.181133521894976, 'landmark_0_tracking_z': 10.0, 'landmark_0_range': 0}}
Processed Obs: {'agent_0': tensor([[0.4982, 0.4896, 0.0000, 0.0000, 1.0000, 1.0000],
        [0.5326, 0.5055, 0.5000, 0.0000, 1.0000, 0.0000],
        [0.4638, 0.4979, 0.4967, 0.0000, 0.0000, 0.0000]])}
INFO: Action= 1  target_predictions(x,y)=10.89m,-10.18m
Stalk target on addr 8
ODSS format: targAddr,time,lon0,lat0,range,lonTarg,latTarg,timestring
RESULT: 8,1764962053,-121.93846,36.69354,-1,-121.93725,36.69359,2025-12-05T19:14:13
INFO: Ping_count=24

reset time= 1764971776.0
NEW RUDDER POSITION= 163.9645312522547
INFO: other_comms_count=9
$SW,1.0,36.68745377452805,-121.93638320977252;
lrauv lat 36.69353693981582  lrauv lon -121.93846385198015
***************************************************************************************************
RECEIVED: New data from nearby agents [timestamp, agent address, agent x, agent y, agent z, range]: [1764971776.0, 8.0, 36.693111, -121.938652, 19.0, 139.6]
***************************************************************************************************
***************************************
WARNING: No range measurement for a while, using last informaiton to compute new heading
LRAUV pose [36.693271,-121.938400,18.91]: 
INFO: Elapsed time = 30.243 seconds
INFO: Sim timestamp 2025-12-05T21:58:04
DEBUG: agents_slantRange= [[-1, 139.6]]
DEBUG: self.agents_range= [[0. 0.]]
Agen yaw (360NorthClockwise)= 168.5195427096732
INFO: agents range:  [[  0.  139.6]]
INFO: agents pos:  [[ -91.64626505  -46.30691523   18.91164589]
 [-113.98287884  -64.36099577   19.        ]]
INFO: targets_depth:  [10.]
INFO: new_range:  True
ranges:  [[  0.  139.6]]
mask before:  [False  True]
mask:  [False  True]
ranges[i]:  [  0.  139.6]
positions:  [[ -91.64626505  -46.30691523   18.91164589]
 [-113.98287884  -64.36099577   19.        ]]
ranges_good:  [139.6]
positions_good:  [[-113.98287884  -64.36099577   19.        ]]
targets_depth:  [10.]
pos: [-113.98287884  -64.36099577   19.        ]  depth: 10.0  r: 139.6
Evaluation -> covariance (CI of 98): 67.55 
ErrorPF= 0.8627629004706421
Evaluaiton -> max(self.w)=0.0798 sum(self.w)=326.8270
step: {'agent_0': {'x': -91.64626504923217, 'y': -46.30691522965208, 'z': 0, 'rph_z': 0, 'agent_1_dx': -22.33661378873512, 'agent_1_dy': -18.054080544039607, 'agent_1_dz': 0, 'landmark_0_tracking_x': 13.184309731922067, 'landmark_0_tracking_y': -9.102491739251647, 'landmark_0_tracking_z': 10.0, 'landmark_0_range': 0}}
Processed Obs: {'agent_0': tensor([[0.5020, 0.4901, 0.0000, 0.0000, 1.0000, 1.0000],
        [0.4926, 0.4940, 0.5000, 0.0000, 1.0000, 0.0000],
        [0.4651, 0.4876, 0.4967, 0.0000, 0.0000, 0.0000]])}
INFO: Action= 1  target_predictions(x,y)=13.18m,-9.10m
Stalk target on addr 8
ODSS format: targAddr,time,lon0,lat0,range,lonTarg,latTarg,timestring
RESULT: 8,1764962055,-121.9384,36.69327,-1.0,-121.93722,36.6936,2025-12-05T19:14:15
INFO: Ping_count=25

reset time= 1764971776.0
NEW RUDDER POSITION= 142.62185036976
INFO: other_comms_count=10
$SW,1.0,36.68821180560815,-121.93371285007376;
lrauv lat 36.693267999369894  lrauv lon -121.93839976624336
########################################
New range measurement at  1764971904.0
INFO: Elapsed time = 128.000 seconds
INFO: Sim timestamp 2025-12-05T21:58:19
Timestamp =  1764971899.008
LRAUV pose [36.693147,-121.938316,18.57]: 
Target address 8 at 111.192 meters
DEBUG: agents_slantRange= [[111.19166564941406, 0]]
DEBUG: self.agents_range= [[0. 0.]]
Agen yaw (360NorthClockwise)= 150.92529035159325
INFO: agents range:  [[111.19166565   0.        ]]
INFO: agents pos:  [[-84.01133841 -60.03843072  18.5681324 ]
 [  0.           0.           0.        ]]
INFO: targets_depth:  [10.]
INFO: new_range:  True
ranges:  [[111.19166565   0.        ]]
mask before:  [ True False]
mask:  [ True False]
ranges[i]:  [111.19166565   0.        ]
positions:  [[-84.01133841 -60.03843072  18.5681324 ]
 [  0.           0.           0.        ]]
ranges_good:  [111.19166565]
positions_good:  [[-84.01133841 -60.03843072  18.5681324 ]]
targets_depth:  [10.]
pos: [-84.01133841 -60.03843072  18.5681324 ]  depth: 10.0  r: 111.19166564941406
Evaluation -> covariance (CI of 98): 61.18 
ErrorPF= 0.47997337665245254
Evaluaiton -> max(self.w)=0.0798 sum(self.w)=489.8872
step: {'agent_0': {'x': -84.01133841183037, 'y': -60.038430721033365, 'z': 0, 'rph_z': 0, 'agent_1_dx': 84.01133841183037, 'agent_1_dy': 60.038430721033365, 'agent_1_dz': 0, 'landmark_0_tracking_x': 13.909332458060712, 'landmark_0_tracking_y': -9.572771213341301, 'landmark_0_tracking_z': 10.0, 'landmark_0_range': 0}}
Processed Obs: {'agent_0': tensor([[0.5025, 0.4954, 0.0000, 0.0000, 1.0000, 1.0000],
        [0.5280, 0.5200, 0.5000, 0.0000, 1.0000, 0.0000],
        [0.4674, 0.4832, 0.4967, 0.0000, 0.0000, 0.0000]])}
INFO: Action= 1  target_predictions(x,y)=13.91m,-9.57m
Stalk target on addr 8
ODSS format: targAddr,time,lon0,lat0,range,lonTarg,latTarg,timestring
RESULT: 8,1764962056,-121.93832,36.69315,111.19,-121.93721,36.69359,2025-12-05T19:14:16
INFO: Ping_count=26

reset time= 1764971904.0
INFO: Sending current observation to other vehicles (Timestamp, address, lat, lon, depth, range) [ 1.76497190e+09  8.00000000e+00  3.66931470e+01 -1.21938316e+02
  1.85681324e+01  1.11191666e+02]
INFO: in exa is:  69335580084212c5c8c2f3e06b00ba0458
NEW RUDDER POSITION= 125.02759801168004
INFO: other_comms_count=10
$SW,1.0,36.68946821350754,-121.93195058615765;
lrauv lat 36.69314696982664  lrauv lon -121.93831601610171
***************************************
WARNING: No range measurement for a while, using last informaiton to compute new heading
LRAUV pose [36.693046,-121.938194,18.50]: 
INFO: Elapsed time = 30.238 seconds
INFO: Sim timestamp 2025-12-05T21:58:34
DEBUG: agents_slantRange= [[-1, 0]]
DEBUG: self.agents_range= [[0. 0.]]
Agen yaw (360NorthClockwise)= 135.18645306643648
INFO: agents range:  [[0. 0.]]
INFO: agents pos:  [[-72.99023765 -71.13149609  18.49935722]
 [  0.           0.           0.        ]]
INFO: targets_depth:  [10.]
INFO: new_range:  False
ranges:  [[0. 0.]]
mask before:  [False False]
mask:  [False False]
ranges[i]:  [0. 0.]
positions:  [[-72.99023765 -71.13149609  18.49935722]
 [  0.           0.           0.        ]]
ranges_good:  []
positions_good:  []
targets_depth:  [10.]
step: {'agent_0': {'x': -72.99023765337188, 'y': -71.13149609323591, 'z': 0, 'rph_z': 0, 'agent_1_dx': 72.99023765337188, 'agent_1_dy': 71.13149609323591, 'agent_1_dz': 0, 'landmark_0_tracking_x': 13.909332458060712, 'landmark_0_tracking_y': -9.572771213341301, 'landmark_0_tracking_z': 10.0, 'landmark_0_range': 0}}
Processed Obs: {'agent_0': tensor([[0.5037, 0.4963, 0.0000, 0.0000, 1.0000, 1.0000],
        [0.5243, 0.5237, 0.5000, 0.0000, 1.0000, 0.0000],
        [0.4710, 0.4795, 0.4967, 0.0000, 0.0000, 0.0000]])}
INFO: Action= 2  target_predictions(x,y)=13.91m,-9.57m
Stalk target on addr 8
ODSS format: targAddr,time,lon0,lat0,range,lonTarg,latTarg,timestring
RESULT: 8,1764962057,-121.93819,36.69305,-1,-121.93721,36.69359,2025-12-05T19:14:17
INFO: Ping_count=26

reset time= 1764971904.0
NEW RUDDER POSITION= 135.18645306643648
INFO: other_comms_count=10
$SW,1.0,36.688518373385705,-121.93273410626314;
lrauv lat 36.693043614697764  lrauv lon -121.93819404041972
***************************************
WARNING: No range measurement for a while, using last informaiton to compute new heading
LRAUV pose [36.692874,-121.937911,18.75]: 
INFO: Elapsed time = 30.241 seconds
INFO: Sim timestamp 2025-12-05T21:59:04
DEBUG: agents_slantRange= [[-1, 0]]
DEBUG: self.agents_range= [[0. 0.]]
Agen yaw (360NorthClockwise)= 126.31835712954809
INFO: agents range:  [[0. 0.]]
INFO: agents pos:  [[-47.46321813 -89.89555094  18.74917984]
 [  0.           0.           0.        ]]
INFO: targets_depth:  [10.]
INFO: new_range:  False
ranges:  [[0. 0.]]
mask before:  [False False]
mask:  [False False]
ranges[i]:  [0. 0.]
positions:  [[-47.46321813 -89.89555094  18.74917984]
 [  0.           0.           0.        ]]
ranges_good:  []
positions_good:  []
targets_depth:  [10.]
step: {'agent_0': {'x': -47.4632181301713, 'y': -89.89555093739182, 'z': 0, 'rph_z': 0, 'agent_1_dx': 47.4632181301713, 'agent_1_dy': 89.89555093739182, 'agent_1_dz': 0, 'landmark_0_tracking_x': 13.909332458060712, 'landmark_0_tracking_y': -9.572771213341301, 'landmark_0_tracking_z': 10.0, 'landmark_0_range': 0}}
Processed Obs: {'agent_0': tensor([[0.5085, 0.4937, 0.0000, 0.0000, 1.0000, 1.0000],
        [0.5158, 0.5300, 0.5000, 0.0000, 1.0000, 0.0000],
        [0.4795, 0.4732, 0.4967, 0.0000, 0.0000, 0.0000]])}
INFO: Action= 2  target_predictions(x,y)=13.91m,-9.57m
Stalk target on addr 8
ODSS format: targAddr,time,lon0,lat0,range,lonTarg,latTarg,timestring
RESULT: 8,1764962059,-121.93791,36.69287,-1,-121.93721,36.69359,2025-12-05T19:14:19
INFO: Ping_count=26

reset time= 1764971904.0
NEW RUDDER POSITION= 126.31835712954809
INFO: other_comms_count=10
$SW,1.0,36.68907827321794,-121.9316497906532;
lrauv lat 36.69287159059212  lrauv lon -121.93791066301637
***************************************
WARNING: No range measurement for a while, using last informaiton to compute new heading
LRAUV pose [36.692708,-121.937621,19.57]: 
INFO: Elapsed time = 30.239 seconds
INFO: Sim timestamp 2025-12-05T21:59:35
DEBUG: agents_slantRange= [[-1, 0]]
DEBUG: self.agents_range= [[0. 0.]]
Agen yaw (360NorthClockwise)= 124.92441812147021
INFO: agents range:  [[0. 0.]]
INFO: agents pos:  [[ -21.41409072 -108.08418302   19.57040787]
 [   0.            0.            0.        ]]
INFO: targets_depth:  [10.]
INFO: new_range:  False
ranges:  [[0. 0.]]
mask before:  [False False]
mask:  [False False]
ranges[i]:  [0. 0.]
positions:  [[ -21.41409072 -108.08418302   19.57040787]
 [   0.            0.            0.        ]]
ranges_good:  []
positions_good:  []
targets_depth:  [10.]
step: {'agent_0': {'x': -21.414090722915716, 'y': -108.08418302005157, 'z': 0, 'rph_z': 0, 'agent_1_dx': 21.414090722915716, 'agent_1_dy': 108.08418302005157, 'agent_1_dz': 0, 'landmark_0_tracking_x': 13.909332458060712, 'landmark_0_tracking_y': -9.572771213341301, 'landmark_0_tracking_z': 10.0, 'landmark_0_range': 0}}
Processed Obs: {'agent_0': tensor([[0.5087, 0.4939, 0.0000, 0.0000, 1.0000, 1.0000],
        [0.5071, 0.5360, 0.5000, 0.0000, 1.0000, 0.0000],
        [0.4882, 0.4672, 0.4967, 0.0000, 0.0000, 0.0000]])}
INFO: Action= 2  target_predictions(x,y)=13.91m,-9.57m
Stalk target on addr 8
ODSS format: targAddr,time,lon0,lat0,range,lonTarg,latTarg,timestring
RESULT: 8,1764962061,-121.93762,36.69271,-1,-121.93721,36.69359,2025-12-05T19:14:21
INFO: Ping_count=26

reset time= 1764971904.0
NEW RUDDER POSITION= 124.92441812147021
INFO: other_comms_count=10
$SW,1.0,36.68903596003695,-121.93124779597915;
lrauv lat 36.69270551528463  lrauv lon -121.93762137200366
***************************************
WARNING: No range measurement for a while, using last informaiton to compute new heading
LRAUV pose [36.692556,-121.937318,20.88]: 
INFO: Elapsed time = 30.240 seconds
INFO: Sim timestamp 2025-12-05T22:00:05
DEBUG: agents_slantRange= [[-1, 0]]
DEBUG: self.agents_range= [[0. 0.]]
Agen yaw (360NorthClockwise)= 121.20904574989048
INFO: agents range:  [[0. 0.]]
INFO: agents pos:  [[   5.85279196 -124.60347847   20.88101578]
 [   0.            0.            0.        ]]
INFO: targets_depth:  [10.]
INFO: new_range:  False
ranges:  [[0. 0.]]
mask before:  [False False]
mask:  [False False]
ranges[i]:  [0. 0.]
positions:  [[   5.85279196 -124.60347847   20.88101578]
 [   0.            0.            0.        ]]
ranges_good:  []
positions_good:  []
targets_depth:  [10.]
step: {'agent_0': {'x': 5.85279195511248, 'y': -124.60347847035155, 'z': 0, 'rph_z': 0, 'agent_1_dx': -5.85279195511248, 'agent_1_dy': 124.60347847035155, 'agent_1_dz': 0, 'landmark_0_tracking_x': 13.909332458060712, 'landmark_0_tracking_y': -9.572771213341301, 'landmark_0_tracking_z': 10.0, 'landmark_0_range': 0}}
Processed Obs: {'agent_0': tensor([[0.5091, 0.4945, 0.0000, 0.0000, 1.0000, 1.0000],
        [0.4980, 0.5415, 0.5000, 0.0000, 1.0000, 0.0000],
        [0.4973, 0.4617, 0.4967, 0.0000, 0.0000, 0.0000]])}
INFO: Action= 2  target_predictions(x,y)=13.91m,-9.57m
Stalk target on addr 8
ODSS format: targAddr,time,lon0,lat0,range,lonTarg,latTarg,timestring
RESULT: 8,1764962063,-121.93732,36.69256,-1,-121.93721,36.69359,2025-12-05T19:14:23
INFO: Ping_count=26

reset time= 1764971904.0
NEW RUDDER POSITION= 121.20904574989048
INFO: other_comms_count=10
$SW,1.0,36.68922475071603,-121.9306628223908;
lrauv lat 36.69255400382855  lrauv lon -121.93731824588274
########################################
New range measurement at  1764972032.0
INFO: Elapsed time = 128.000 seconds
INFO: Sim timestamp 2025-12-05T22:00:19
Timestamp =  1764972019.13
LRAUV pose [36.692488,-121.937173,21.30]: 
Target address 8 at 126.916 meters
DEBUG: agents_slantRange= [[126.91571044921875, 0]]
DEBUG: self.agents_range= [[0. 0.]]
Agen yaw (360NorthClockwise)= 119.64809087570916
INFO: agents range:  [[126.91571045   0.        ]]
INFO: agents pos:  [[  18.91794165 -132.04002851   21.29813957]
 [   0.            0.            0.        ]]
INFO: targets_depth:  [10.]
INFO: new_range:  True
ranges:  [[126.91571045   0.        ]]
mask before:  [ True False]
mask:  [ True False]
ranges[i]:  [126.91571045   0.        ]
positions:  [[  18.91794165 -132.04002851   21.29813957]
 [   0.            0.            0.        ]]
ranges_good:  [126.91571045]
positions_good:  [[  18.91794165 -132.04002851   21.29813957]]
targets_depth:  [10.]
pos: [  18.91794165 -132.04002851   21.29813957]  depth: 10.0  r: 126.91571044921875
Evaluation -> covariance (CI of 98): 53.26 
ErrorPF= 1.6173503493074008
Evaluaiton -> max(self.w)=0.0798 sum(self.w)=404.5267
step: {'agent_0': {'x': 18.91794165421743, 'y': -132.04002850549296, 'z': 0, 'rph_z': 0, 'agent_1_dx': -18.91794165421743, 'agent_1_dy': 132.04002850549296, 'agent_1_dz': 0, 'landmark_0_tracking_x': 13.427144799207591, 'landmark_0_tracking_y': -7.231850256823359, 'landmark_0_tracking_z': 10.0, 'landmark_0_range': 0}}
Processed Obs: {'agent_0': tensor([[0.5044, 0.4975, 0.0000, 0.0000, 1.0000, 1.0000],
        [0.4937, 0.5440, 0.5000, 0.0000, 1.0000, 0.0000],
        [0.5018, 0.4584, 0.4967, 0.0000, 0.0000, 0.0000]])}
INFO: Action= 1  target_predictions(x,y)=13.43m,-7.23m
Stalk target on addr 8
ODSS format: targAddr,time,lon0,lat0,range,lonTarg,latTarg,timestring
RESULT: 8,1764962064,-121.93717,36.69249,126.92,-121.93722,36.69361,2025-12-05T19:14:24
INFO: Ping_count=27

reset time= 1764972032.0
INFO: Sending current observation to other vehicles (Timestamp, address, lat, lon, depth, range) [ 1.76497203e+09  8.00000000e+00  3.66924877e+01 -1.21937173e+02
  2.12981396e+01  1.26915710e+02]
INFO: in exa is:  69335600084212c51cc2f3dfd500d504f5
NEW RUDDER POSITION= 93.75039853579595
INFO: other_comms_count=10
$SW,1.0,36.69200497579903,-121.92936096523263;
lrauv lat 36.69248771604812  lrauv lon -121.93717294154659
***************************************
WARNING: No range measurement for a while, using last informaiton to compute new heading
LRAUV pose [36.692428,-121.937003,21.48]: 
INFO: Elapsed time = 30.239 seconds
INFO: Sim timestamp 2025-12-05T22:00:35
DEBUG: agents_slantRange= [[-1, 0]]
DEBUG: self.agents_range= [[0. 0.]]
Agen yaw (360NorthClockwise)= 112.78885503921907
INFO: agents range:  [[0. 0.]]
INFO: agents pos:  [[  34.21208795 -138.46559526   21.48024559]
 [   0.            0.            0.        ]]
INFO: targets_depth:  [10.]
INFO: new_range:  False
ranges:  [[0. 0.]]
mask before:  [False False]
mask:  [False False]
ranges[i]:  [0. 0.]
positions:  [[  34.21208795 -138.46559526   21.48024559]
 [   0.            0.            0.        ]]
ranges_good:  []
positions_good:  []
targets_depth:  [10.]
step: {'agent_0': {'x': 34.212087945546955, 'y': -138.46559525700286, 'z': 0, 'rph_z': 0, 'agent_1_dx': -34.212087945546955, 'agent_1_dy': 138.46559525700286, 'agent_1_dz': 0, 'landmark_0_tracking_x': 13.427144799207591, 'landmark_0_tracking_y': -7.231850256823359, 'landmark_0_tracking_z': 10.0, 'landmark_0_range': 0}}
Processed Obs: {'agent_0': tensor([[0.5051, 0.4979, 0.0000, 0.0000, 1.0000, 1.0000],
        [0.4886, 0.5462, 0.5000, 0.0000, 1.0000, 0.0000],
        [0.5069, 0.4563, 0.4967, 0.0000, 0.0000, 0.0000]])}
INFO: Action= 1  target_predictions(x,y)=13.43m,-7.23m
Stalk target on addr 8
ODSS format: targAddr,time,lon0,lat0,range,lonTarg,latTarg,timestring
RESULT: 8,1764962065,-121.937,36.69243,-1,-121.93722,36.69361,2025-12-05T19:14:25
INFO: Ping_count=27

reset time= 1764972032.0
NEW RUDDER POSITION= 86.89116269930587
INFO: other_comms_count=10
$SW,1.0,36.69269974406178,-121.92917487938878;
lrauv lat 36.69242767689315  lrauv lon -121.93700256482842
***************************************
WARNING: No range measurement for a while, using last informaiton to compute new heading
LRAUV pose [36.692441,-121.936651,21.29]: 
INFO: Elapsed time = 30.240 seconds
INFO: Sim timestamp 2025-12-05T22:01:05
DEBUG: agents_slantRange= [[-1, 0]]
DEBUG: self.agents_range= [[0. 0.]]
Agen yaw (360NorthClockwise)= 86.86021138870859
INFO: agents range:  [[0. 0.]]
INFO: agents pos:  [[  65.5804605  -136.74489668   21.29000664]
 [   0.            0.            0.        ]]
INFO: targets_depth:  [10.]
INFO: new_range:  False
ranges:  [[0. 0.]]
mask before:  [False False]
mask:  [False False]
ranges[i]:  [0. 0.]
positions:  [[  65.5804605  -136.74489668   21.29000664]
 [   0.            0.            0.        ]]
ranges_good:  []
positions_good:  []
targets_depth:  [10.]
step: {'agent_0': {'x': 65.58046050427947, 'y': -136.74489668337628, 'z': 0, 'rph_z': 0, 'agent_1_dx': -65.58046050427947, 'agent_1_dy': 136.74489668337628, 'agent_1_dz': 0, 'landmark_0_tracking_x': 13.427144799207591, 'landmark_0_tracking_y': -7.231850256823359, 'landmark_0_tracking_z': 10.0, 'landmark_0_range': 0}}
Processed Obs: {'agent_0': tensor([[0.5105, 0.5006, 0.0000, 0.0000, 1.0000, 1.0000],
        [0.4781, 0.5456, 0.5000, 0.0000, 1.0000, 0.0000],
        [0.5174, 0.4568, 0.4967, 0.0000, 0.0000, 0.0000]])}
INFO: Action= 1  target_predictions(x,y)=13.43m,-7.23m
Stalk target on addr 8
ODSS format: targAddr,time,lon0,lat0,range,lonTarg,latTarg,timestring
RESULT: 8,1764962067,-121.93665,36.69244,-1,-121.93722,36.69361,2025-12-05T19:14:27
INFO: Ping_count=27

reset time= 1764972032.0
NEW RUDDER POSITION= 60.9625190487954
INFO: other_comms_count=10
$SW,1.0,36.69544219088426,-121.92975912600194;
lrauv lat 36.6924411371375  lrauv lon -121.93665127270232
***************************************
WARNING: No range measurement for a while, using last informaiton to compute new heading
LRAUV pose [36.692562,-121.936339,20.67]: 
INFO: Elapsed time = 30.253 seconds
INFO: Sim timestamp 2025-12-05T22:01:36
DEBUG: agents_slantRange= [[-1, 0]]
DEBUG: self.agents_range= [[0. 0.]]
Agen yaw (360NorthClockwise)= 63.661183288217465
INFO: agents range:  [[0. 0.]]
INFO: agents pos:  2025-12-05 19:14:31,123 [processing](INFO): MARL: Received Other Vehicles Observation State: [1764972032.0, 8.0, 36.692017, -121.936569, 0.4, 187.6]
[[  93.31171748 -123.01587156   20.6733551 ]
 [   0.            0.            0.        ]]
INFO: targets_depth:  [10.]
INFO: new_range:  False
ranges:  [[0. 0.]]
mask before:  [False False]
mask:  [False False]
ranges[i]:  [0. 0.]
positions:  [[  93.31171748 -123.01587156   20.6733551 ]
 [   0.            0.            0.        ]]
ranges_good:  []
positions_good:  []
targets_depth:  [10.]
step: {'agent_0': {'x': 93.31171748077031, 'y': -123.01587155694142, 'z': 0, 'rph_z': 0, 'agent_1_dx': -93.31171748077031, 'agent_1_dy': 123.01587155694142, 'agent_1_dz': 0, 'landmark_0_tracking_x': 13.427144799207591, 'landmark_0_tracking_y': -7.231850256823359, 'landmark_0_tracking_z': 10.0, 'landmark_0_range': 0}}
Processed Obs: {'agent_0': tensor([[0.5092, 0.5046, 0.0000, 0.0000, 1.0000, 1.0000],
        [0.4689, 0.5410, 0.5000, 0.0000, 1.0000, 0.0000],
        [0.5266, 0.4614, 0.4967, 0.0000, 0.0000, 0.0000]])}
INFO: Action= 2  target_predictions(x,y)=13.43m,-7.23m
Stalk target on addr 8
ODSS format: targAddr,time,lon0,lat0,range,lonTarg,latTarg,timestring
RESULT: 8,1764962069,-121.93634,36.69256,-1,-121.93722,36.69361,2025-12-05T19:14:29
INFO: Ping_count=27

reset time= 1764972032.0
NEW RUDDER POSITION= 63.661183288217465
INFO: other_comms_count=10
$SW,1.0,36.69530042090494,-121.92927922227317;
lrauv lat 36.69256404654466  lrauv lon -121.93633919652248
***************************************************************************************************
RECEIVED: New data from nearby agents [timestamp, agent address, agent x, agent y, agent z, range]: [1764972032.0, 8.0, 36.692017, -121.936569, 0.4, 187.6]
***************************************************************************************************
***************************************
WARNING: No range measurement for a while, using last informaiton to compute new heading
LRAUV pose [36.692722,-121.936044,19.35]: 
INFO: Elapsed time = 30.227 seconds
INFO: Sim timestamp 2025-12-05T22:02:06
DEBUG: agents_slantRange= [[-1, 187.6]]
DEBUG: self.agents_range= [[0. 0.]]
Agen yaw (360NorthClockwise)= 55.41608042659348
INFO: agents range:  [[  0.  187.6]]
INFO: agents pos:  [[ 119.46185049 -104.98693296   19.3507309 ]
 [  73.45176115 -183.65971003    0.4       ]]
INFO: targets_depth:  [10.]
INFO: new_range:  True
ranges:  [[  0.  187.6]]
mask before:  [False  True]
mask:  [False  True]
ranges[i]:  [  0.  187.6]
positions:  [[ 119.46185049 -104.98693296   19.3507309 ]
 [  73.45176115 -183.65971003    0.4       ]]
ranges_good:  [187.6]
positions_good:  [[  73.45176115 -183.65971003    0.4       ]]
targets_depth:  [10.]
pos: [  73.45176115 -183.65971003    0.4       ]  depth: 10.0  r: 187.6
Evaluation -> covariance (CI of 98): 56.46 
ErrorPF= 0.5571443498002964
Evaluaiton -> max(self.w)=0.0798 sum(self.w)=531.0271
step: {'agent_0': {'x': 119.46185048576444, 'y': -104.98693296452984, 'z': 0, 'rph_z': 0, 'agent_1_dx': -46.01008933340199, 'agent_1_dy': -78.67277706926689, 'agent_1_dz': 0, 'landmark_0_tracking_x': 13.47644338755497, 'landmark_0_tracking_y': -6.811160652275297, 'landmark_0_tracking_z': 10.0, 'landmark_0_range': 0}}
Processed Obs: {'agent_0': tensor([[0.5087, 0.5060, 0.0000, 0.0000, 1.0000, 1.0000],
        [0.4847, 0.4738, 0.5000, 0.0000, 1.0000, 0.0000],
        [0.5353, 0.4673, 0.4967, 0.0000, 0.0000, 0.0000]])}
INFO: Action= 2  target_predictions(x,y)=13.48m,-6.81m
Stalk target on addr 8
ODSS format: targAddr,time,lon0,lat0,range,lonTarg,latTarg,timestring
RESULT: 8,1764962071,-121.93604,36.69272,-1.0,-121.93722,36.69362,2025-12-05T19:14:31
INFO: Ping_count=28

reset time= 1764972032.0
NEW RUDDER POSITION= 55.41608042659348
INFO: other_comms_count=11
$SW,1.0,36.69624694463003,-121.92954451995234;
lrauv lat 36.692723511078356  lrauv lon -121.93604428151444
########################################
New range measurement at  1764972160.0
INFO: Elapsed time = 128.000 seconds
INFO: Sim timestamp 2025-12-05T22:02:19
Timestamp =  1764972139.252
LRAUV pose [36.692786,-121.935908,18.88]: 
Target address 8 at 150.503 meters
DEBUG: agents_slantRange= [[150.5028076171875, 0]]
DEBUG: self.agents_range= [[0. 0.]]
Agen yaw (360NorthClockwise)= 58.92982773797
INFO: agents range:  [[150.50280762   0.        ]]
INFO: agents pos:  [[131.5553042  -97.70027935  18.87639427]
 [  0.           0.           0.        ]]
INFO: targets_depth:  [10.]
INFO: new_range:  True
ranges:  [[150.50280762   0.        ]]
mask before:  [ True False]
mask:  [ True False]
ranges[i]:  [150.50280762   0.        ]
positions:  [[131.5553042  -97.70027935  18.87639427]
 [  0.           0.           0.        ]]
ranges_good:  [150.50280762]
positions_good:  [[131.5553042  -97.70027935  18.87639427]]
targets_depth:  [10.]
pos: [131.5553042  -97.70027935  18.87639427]  depth: 10.0  r: 150.5028076171875
Evaluation -> covariance (CI of 98): 60.00 
ErrorPF= 0.5548826973264909
Evaluaiton -> max(self.w)=0.0798 sum(self.w)=507.8412
step: {'agent_0': {'x': 131.55530419619754, 'y': -97.70027935039252, 'z': 0, 'rph_z': 0, 'agent_1_dx': -131.55530419619754, 'agent_1_dy': 97.70027935039252, 'agent_1_dz': 0, 'landmark_0_tracking_x': 12.7324572222436, 'landmark_0_tracking_y': -6.675262579048627, 'landmark_0_tracking_z': 10.0, 'landmark_0_range': 0}}
Processed Obs: {'agent_0': tensor([[0.5040, 0.5024, 0.0000, 0.0000, 1.0000, 1.0000],
        [0.4561, 0.5326, 0.5000, 0.0000, 1.0000, 0.0000],
        [0.5396, 0.4697, 0.4967, 0.0000, 0.0000, 0.0000]])}
INFO: Action= 2  target_predictions(x,y)=12.73m,-6.68m
Stalk target on addr 8
ODSS format: targAddr,time,lon0,lat0,range,lonTarg,latTarg,timestring
RESULT: 8,1764962072,-121.93591,36.69279,150.5,-121.93723,36.69362,2025-12-05T19:14:32
INFO: Ping_count=29

reset time= 1764972160.0
INFO: Sending current observation to other vehicles (Timestamp, address, lat, lon, depth, range) [ 1.76497216e+09  8.00000000e+00  3.66927860e+01 -1.21935908e+02
  1.88763943e+01  1.50502808e+02]
INFO: in exa is:  69335680084212c56ac2f3df2f00bd05e1
NEW RUDDER POSITION= 58.92982773797
INFO: other_comms_count=11
$SW,1.0,36.69598196563529,-121.92915232883158;
lrauv lat 36.69278597103567  lrauv lon -121.93590802455468
***************************************
WARNING: No range measurement for a while, using last informaiton to compute new heading
LRAUV pose [36.692876,-121.935745,18.57]: 
INFO: Elapsed time = 30.241 seconds
INFO: Sim timestamp 2025-12-05T22:02:36
DEBUG: agents_slantRange= [[-1, 0]]
DEBUG: self.agents_range= [[0. 0.]]
Agen yaw (360NorthClockwise)= 54.784242065676246
INFO: agents range:  [[0. 0.]]
INFO: agents pos:  [[145.98338535 -87.5164438   18.56873703]
 [  0.           0.           0.        ]]
INFO: targets_depth:  [10.]
INFO: new_range:  False
ranges:  [[0. 0.]]
mask before:  [False False]
mask:  [False False]
ranges[i]:  [0. 0.]
positions:  [[145.98338535 -87.5164438   18.56873703]
 [  0.           0.           0.        ]]
ranges_good:  []
positions_good:  []
targets_depth:  [10.]
step: {'agent_0': {'x': 145.98338534671348, 'y': -87.51644380483776, 'z': 0, 'rph_z': 0, 'agent_1_dx': -145.98338534671348, 'agent_1_dy': 87.51644380483776, 'agent_1_dz': 0, 'landmark_0_tracking_x': 12.7324572222436, 'landmark_0_tracking_y': -6.675262579048627, 'landmark_0_tracking_z': 10.0, 'landmark_0_range': 0}}
Processed Obs: {'agent_0': tensor([[0.5048, 0.5034, 0.0000, 0.0000, 1.0000, 1.0000],
        [0.4513, 0.5292, 0.5000, 0.0000, 1.0000, 0.0000],
        [0.5444, 0.4731, 0.4967, 0.0000, 0.0000, 0.0000]])}
INFO: Action= 2  target_predictions(x,y)=12.73m,-6.68m
Stalk target on addr 8
ODSS format: targAddr,time,lon0,lat0,range,lonTarg,latTarg,timestring
RESULT: 8,1764962073,-121.93575,36.69288,-1,-121.93723,36.69362,2025-12-05T19:14:33
INFO: Ping_count=29

reset time= 1764972160.0
NEW RUDDER POSITION= 54.784242065676246
INFO: other_comms_count=11
$SW,1.0,36.69645954430116,-121.92929413152983;
lrauv lat 36.69287861945159  lrauv lon -121.93574527787732
***************************************
WARNING: No range measurement for a while, using last informaiton to compute new heading
LRAUV pose [36.693048,-121.935459,18.68]: 
INFO: Elapsed time = 30.238 seconds
INFO: Sim timestamp 2025-12-05T22:03:06
DEBUG: agents_slantRange= [[-1, 0]]2025-12-05 19:14:37,392 [processing](INFO): MARL: Received Other Vehicles Observation State: [1764972160.0, 8.0, 36.69215, -121.93544, 8.2, 227.7]

DEBUG: self.agents_range= [[0. 0.]]
Agen yaw (360NorthClockwise)= 52.6916673165471
INFO: agents range:  [[0. 0.]]
INFO: agents pos:  [[171.3901307  -68.15585058  18.67961311]
 [  0.           0.           0.        ]]
INFO: targets_depth:  [10.]
INFO: new_range:  False
ranges:  [[0. 0.]]
mask before:  [False False]
mask:  [False False]
ranges[i]:  [0. 0.]
positions:  [[171.3901307  -68.15585058  18.67961311]
 [  0.           0.           0.        ]]
ranges_good:  []
positions_good:  []
targets_depth:  [10.]
step: {'agent_0': {'x': 171.39013070065994, 'y': -68.15585057716817, 'z': 0, 'rph_z': 0, 'agent_1_dx': -171.39013070065994, 'agent_1_dy': 68.15585057716817, 'agent_1_dz': 0, 'landmark_0_tracking_x': 12.7324572222436, 'landmark_0_tracking_y': -6.675262579048627, 'landmark_0_tracking_z': 10.0, 'landmark_0_range': 0}}
Processed Obs: {'agent_0': tensor([[0.5085, 0.5065, 0.0000, 0.0000, 1.0000, 1.0000],
        [0.4429, 0.5227, 0.5000, 0.0000, 1.0000, 0.0000],
        [0.5529, 0.4795, 0.4967, 0.0000, 0.0000, 0.0000]])}
INFO: Action= 1  target_predictions(x,y)=12.73m,-6.68m
Stalk target on addr 8
ODSS format: targAddr,time,lon0,lat0,range,lonTarg,latTarg,timestring
RESULT: 8,1764962075,-121.93546,36.69305,-1,-121.93723,36.69362,2025-12-05T19:14:35
INFO: Ping_count=29

reset time= 1764972160.0
NEW RUDDER POSITION= 26.793974976633894
INFO: other_comms_count=11
$SW,1.0,36.69865097466238,-121.93184891670049;
lrauv lat 36.69305069310953  lrauv lon -121.93545851511834
***************************************
WARNING: No range measurement for a while, using last informaiton to compute new heading
LRAUV pose [36.693281,-121.935273,19.14]: 
INFO: Elapsed time = 30.263 seconds
INFO: Sim timestamp 2025-12-05T22:03:36
DEBUG: agents_slantRange= [[-1, 0]]
DEBUG: self.agents_range= [[0. 0.]]
Agen yaw (360NorthClockwise)= 32.008733793121486
INFO: agents range:  [[0. 0.]]
INFO: agents pos:  [[187.6485402  -42.14577981  19.14413071]
 [  0.           0.           0.        ]]
INFO: targets_depth:  [10.]
INFO: new_range:  False
ranges:  [[0. 0.]]
mask before:  [False False]
mask:  [False False]
ranges[i]:  [0. 0.]
positions:  [[187.6485402  -42.14577981  19.14413071]
 [  0.           0.           0.        ]]
ranges_good:  []
positions_good:  []
targets_depth:  [10.]
step: {'agent_0': {'x': 187.64854019961786, 'y': -42.145779808051884, 'z': 0, 'rph_z': 0, 'agent_1_dx': -187.64854019961786, 'agent_1_dy': 42.145779808051884, 'agent_1_dz': 0, 'landmark_0_tracking_x': 12.7324572222436, 'landmark_0_tracking_y': -6.675262579048627, 'landmark_0_tracking_z': 10.0, 'landmark_0_range': 0}}
Processed Obs: {'agent_0': tensor([[0.5054, 0.5087, 0.0000, 0.0000, 1.0000, 1.0000],
        [0.4375, 0.5140, 0.5000, 0.0000, 1.0000, 0.0000],
        [0.5583, 0.4882, 0.4967, 0.0000, 0.0000, 0.0000]])}
INFO: Action= 1  target_predictions(x,y)=12.73m,-6.68m
Stalk target on addr 8
ODSS format: targAddr,time,lon0,lat0,range,lonTarg,latTarg,timestring
RESULT: 8,1764962076,-121.93527,36.69328,-1,-121.93723,36.69362,2025-12-05T19:14:36
INFO: Ping_count=29

reset time= 1764972160.0
NEW RUDDER POSITION= 6.111041453208272
INFO: other_comms_count=11
$SW,1.0,36.699551037140345,-121.93435268973978;
lrauv lat 36.69328502266384  lrauv lon -121.93527331487125
***************************************************************************************************
RECEIVED: New data from nearby agents [timestamp, agent address, agent x, agent y, agent z, range]: [1764972160.0, 8.0, 36.69215, -121.93544, 8.2, 227.7]
***************************************************************************************************
***************************************
WARNING: No range measurement for a while, using last informaiton to compute new heading
LRAUV pose [36.693561,-121.935230,20.27]: 
INFO: Elapsed time = 30.218 seconds
INFO: Sim timestamp 2025-12-05T22:04:07
DEBUG: agents_slantRange= [[-1, 227.7]]
DEBUG: self.agents_range= [[0. 0.]]
Agen yaw (360NorthClockwise)= 6.404333917398701
INFO: agents range:  [[  0.  227.7]]
INFO: agents pos:  [[ 191.13954197  -11.04403552   20.27481842]
 [ 174.15064338 -167.78632038    8.2       ]]
INFO: targets_depth:  [10.]
INFO: new_range:  True
ranges:  [[  0.  227.7]]
mask before:  [False  True]
mask:  [False  True]
ranges[i]:  [  0.  227.7]
positions:  [[ 191.13954197  -11.04403552   20.27481842]
 [ 174.15064338 -167.78632038    8.2       ]]
ranges_good:  [227.7]
positions_good:  [[ 174.15064338 -167.78632038    8.2       ]]
targets_depth:  [10.]
pos: [ 174.15064338 -167.78632038    8.2       ]  depth: 10.0  r: 227.7
Evaluation -> covariance (CI of 98): 53.54 
ErrorPF= 0.3141313999061026
Evaluaiton -> max(self.w)=0.0798 sum(self.w)=575.9480
step: {'agent_0': {'x': 191.13954197475687, 'y': -11.0440355213359, 'z': 0, 'rph_z': 0, 'agent_1_dx': -16.988898593001068, 'agent_1_dy': -156.74228485906497, 'agent_1_dz': 0, 'landmark_0_tracking_x': 13.202692685560319, 'landmark_0_tracking_y': -6.527122415995528, 'landmark_0_tracking_z': 10.0, 'landmark_0_range': 0}}
Processed Obs: {'agent_0': tensor([[0.5012, 0.5104, 0.0000, 0.0000, 1.0000, 1.0000],
        [0.4943, 0.4478, 0.5000, 0.0000, 1.0000, 0.0000],
        [0.5593, 0.4985, 0.4967, 0.0000, 0.0000, 0.0000]])}
INFO: Action= 1  target_predictions(x,y)=13.20m,-6.53m
Stalk target on addr 8
ODSS format: targAddr,time,lon0,lat0,range,lonTarg,latTarg,timestring
RESULT: 8,1764962078,-121.93523,36.69356,-1.0,-121.93722,36.69362,2025-12-05T19:14:38
INFO: Ping_count=30

reset time= 1764972160.0
NEW RUDDER POSITION= 340.5066415774855
INFO: other_comms_count=12
$SW,1.0,36.69953607651918,-121.93776293141035;
lrauv lat 36.693565036851645  lrauv lon -121.93523037688585
########################################
New range measurement at  1764972288.0
INFO: Elapsed time = 128.000 seconds
INFO: Sim timestamp 2025-12-05T22:04:19
Timestamp =  1764972259.371
LRAUV pose [36.693679,-121.935233,20.78]: 
Target address 8 at 178.981 meters
DEBUG: agents_slantRange= [[178.9808349609375, 0]]
DEBUG: self.agents_range= [[0. 0.]]
Agen yaw (360NorthClockwise)= 358.1910120587072
INFO: agents range:  [[178.98083496   0.        ]]
INFO: agents pos:  [[190.72512225   2.0774511   20.78069687]
 [  0.           0.           0.        ]]
INFO: targets_depth:  [10.]
INFO: new_range:  True
ranges:  [[178.98083496   0.        ]]
mask before:  [ True False]
mask:  [ True False]
ranges[i]:  [178.98083496   0.        ]
positions:  [[190.72512225   2.0774511   20.78069687]
 [  0.           0.           0.        ]]
ranges_good:  [178.98083496]
positions_good:  [[190.72512225   2.0774511   20.78069687]]
targets_depth:  [10.]
pos: [190.72512225   2.0774511   20.78069687]  depth: 10.0  r: 178.9808349609375
Evaluation -> covariance (CI of 98): 50.80 
ErrorPF= 0.034625248938738196
Evaluaiton -> max(self.w)=0.0798 sum(self.w)=440.3366
step: {'agent_0': {'x': 190.72512224549428, 'y': 2.07745110290125, 'z': 0, 'rph_z': 0, 'agent_1_dx': -190.72512224549428, 'agent_1_dy': -2.07745110290125, 'agent_1_dz': 0, 'landmark_0_tracking_x': 12.207778471599038, 'landmark_0_tracking_y': -6.99267024699691, 'landmark_0_tracking_z': 10.0, 'landmark_0_range': 0}}
Processed Obs: {'agent_0': tensor([[0.4999, 0.5044, 0.0000, 0.0000, 1.0000, 1.0000],
        [0.4364, 0.4993, 0.5000, 0.0000, 1.0000, 0.0000],
        [0.5595, 0.5030, 0.4967, 0.0000, 0.0000, 0.0000]])}
INFO: Action= 2  target_predictions(x,y)=12.21m,-6.99m
Stalk target on addr 8
ODSS format: targAddr,time,lon0,lat0,range,lonTarg,latTarg,timestring
RESULT: 8,1764962079,-121.93523,36.69368,178.98,-121.93723,36.69362,2025-12-05T19:14:39
INFO: Ping_count=31

reset time= 1764972288.0
INFO: Sending current observation to other vehicles (Timestamp, address, lat, lon, depth, range) [ 1.76497229e+09  8.00000000e+00  3.66936794e+01 -1.21935233e+02
  2.07806969e+01  1.78980835e+02]
INFO: in exa is:  69335700084212c654c2f3ded700d006fe
NEW RUDDER POSITION= 358.1910120587072
INFO: other_comms_count=12
$SW,1.0,36.69998777870297,-121.93539374461561;
lrauv lat 36.69367938031607  lrauv lon -121.93523338420984
***************************************
WARNING: No range measurement for a while, using last informaiton to compute new heading
LRAUV pose [36.693838,-121.935285,21.31]: 
INFO: Elapsed time = 30.239 seconds
INFO: Sim timestamp 2025-12-05T22:04:37
DEBUG: agents_slantRange= [[-1, 0]]
DEBUG: self.agents_range= [[0. 0.]]
Agen yaw (360NorthClockwise)= 344.72071973413387
INFO: agents range:  [[0. 0.]]
INFO: agents pos:  [[185.92713655  19.64088493  21.3090744 ]
 [  0.           0.           0.        ]]
INFO: targets_depth:  [10.]
INFO: new_range:  False
ranges:  [[0. 0.]]
mask before:  [False False]
mask:  [False False]
ranges[i]:  [0. 0.]
positions:  [[185.92713655  19.64088493  21.3090744 ]
 [  0.           0.           0.        ]]
ranges_good:  []
positions_good:  []
targets_depth:  [10.]
step: {'agent_0': {'x': 185.92713654914405, 'y': 19.640884925145656, 'z': 0, 'rph_z': 0, 'agent_1_dx': -185.92713654914405, 'agent_1_dy': -19.640884925145656, 'agent_1_dz': 0, 'landmark_0_tracking_x': 12.207778471599038, 'landmark_0_tracking_y': -6.99267024699691, 'landmark_0_tracking_z': 10.0, 'landmark_0_range': 0}}
Processed Obs: {'agent_0': tensor([[0.4984, 0.5059, 0.0000, 0.0000, 1.0000, 1.0000],
        [0.4380, 0.4935, 0.5000, 0.0000, 1.0000, 0.0000],
        [0.5579, 0.5089, 0.4967, 0.0000, 0.0000, 0.0000]])}
INFO: Action= 2  target_predictions(x,y)=12.21m,-6.99m
Stalk target on addr 8
ODSS format: targAddr,time,lon0,lat0,range,lonTarg,latTarg,timestring
RESULT: 8,1764962080,-121.93528,36.69384,-1,-121.93723,36.69362,2025-12-05T19:14:40
INFO: Ping_count=31

reset time= 1764972288.0
NEW RUDDER POSITION= 344.72071973413387
INFO: other_comms_count=12
$SW,1.0,36.69994678339531,-121.93726573565972;
lrauv lat 36.693842019587706  lrauv lon -121.93528490167081
***************************************
WARNING: No range measurement for a while, using last informaiton to compute new heading
LRAUV pose [36.694112,-121.935386,21.40]: 
INFO: Elapsed time = 30.242 seconds
INFO: Sim timestamp 2025-12-05T22:05:07
DEBUG: agents_slantRange= [[-1, 0]]
DEBUG: self.agents_range= [[0. 0.]]
Agen yaw (360NorthClockwise)= 342.7986381287352
INFO: agents range:  [[0. 0.]]
INFO: agents pos:  [[176.56241738  49.8908592   21.39606667]
 [  0.           0.           0.        ]]
INFO: targets_depth:  [10.]
INFO: new_range:  False
ranges:  [[0. 0.]]
mask before:  [False False]
mask:  [False False]
ranges[i]:  [0. 0.]
positions:  [[176.56241738  49.8908592   21.39606667]
 [  0.           0.           0.        ]]
ranges_good:  []
positions_good:  []
targets_depth:  [10.]
step: {'agent_0': {'x': 176.5624173793476, 'y': 49.89085920434445, 'z': 0, 'rph_z': 0, 'agent_1_dx': -176.5624173793476, 'agent_1_dy': -49.89085920434445, 'agent_1_dz': 0, 'landmark_0_tracking_x': 12.207778471599038, 'landmark_0_tracking_y': -6.99267024699691, 'landmark_0_tracking_z': 10.0, 'landmark_0_range': 0}}
Processed Obs: {'agent_0': tensor([[0.4969, 0.5101, 0.0000, 0.0000, 1.0000, 1.0000],
        [0.4411, 0.4834, 0.5000, 0.0000, 1.0000, 0.0000],
        [0.5548, 0.5190, 0.4967, 0.0000, 0.0000, 0.0000]])}
INFO: Action= 2  target_predictions(x,y)=12.21m,-6.99m
Stalk target on addr 8
ODSS format: targAddr,time,lon0,lat0,range,lonTarg,latTarg,timestring
RESULT: 8,1764962082,-121.93539,36.69411,-1,-121.93723,36.69362,2025-12-05T19:14:42
INFO: Ping_count=31

reset time= 1764972288.0
NEW RUDDER POSITION= 342.7986381287352
INFO: other_comms_count=12
$SW,1.0,36.70016335788502,-121.93761996526531;
lrauv lat 36.69411553419463  lrauv lon -121.93538595506067
***************************************
WARNING: No range measurement for a while, using last informaiton to compute new heading
LRAUV pose [36.694382,-121.935509,21.05]: 
INFO: Elapsed time = 30.267 seconds
INFO: Sim timestamp 2025-12-05T22:05:37
DEBUG: agents_slantRange= [[-1, 0]]
DEBUG: self.agents_range= [[0. 0.]]
Agen yaw (360NorthClockwise)= 339.2357971245294
INFO: agents range:  [[0. 0.]]
INFO: agents pos:  [[165.2553232   79.71310895  21.05187035]
 [  0.           0.           0.        ]]
INFO: targets_depth:  [10.]
INFO: new_range:  False
ranges:  [[0. 0.]]
mask before:  [False False]
mask:  [False False]
ranges[i]:  [0. 0.]
positions:  [[165.2553232   79.71310895  21.05187035]
 [  0.           0.           0.        ]]
ranges_good:  []
positions_good:  []
targets_depth:  [10.]
step: {'agent_0': {'x': 165.2553232013015, 'y': 79.71310895355418, 'z': 0, 'rph_z': 0, 'agent_1_dx': -165.2553232013015, 'agent_1_dy': -79.71310895355418, 'agent_1_dz': 0, 'landmark_0_tracking_x': 12.207778471599038, 'landmark_0_tracking_y': -6.99267024699691, 'landmark_0_tracking_z': 10.0, 'landmark_0_range': 0}}
Processed Obs: {'agent_0': tensor([[0.4962, 0.5099, 0.0000, 0.0000, 1.0000, 1.0000],
        [0.4449, 0.4734, 0.5000, 0.0000, 1.0000, 0.0000],
        [0.5510, 0.5289, 0.4967, 0.0000, 0.0000, 0.0000]])}
INFO: Action= 2  target_predictions(x,y)=12.21m,-6.99m
Stalk target on addr 8
ODSS format: targAddr,time,lon0,lat0,range,lonTarg,latTarg,timestring
RESULT: 8,1764962084,-121.93551,36.69438,-1,-121.93723,36.69362,2025-12-05T19:14:44
INFO: Ping_count=31

reset time= 1764972288.0
NEW RUDDER POSITION= 339.2357971245294
INFO: other_comms_count=12
$SW,1.0,36.700310013762966,-121.93820523798169;
lrauv lat 36.69438568257873  lrauv lon -121.93550880213103
***************************************
WARNING: No range measurement for a while, using last informaiton to compute new heading
LRAUV pose [36.694646,-121.935646,20.04]: 
INFO: Elapsed time = 30.211 seconds
INFO: Sim timestamp 2025-12-05T22:06:08
DEBUG: agents_slantRange= [[-1, 0]]
DEBUG: self.agents_range= [[0. 0.]]
Agen yaw (360NorthClockwise)= 336.7532717875954
INFO: agents range:  [[0. 0.]]
INFO: agents pos:  [[152.69805879 108.94553588  20.03782463]
 [  0.           0.           0.        ]]
INFO: targets_depth:  [10.]
INFO: new_range:  False
ranges:  [[0. 0.]]
mask before:  [False False]
mask:  [False False]
ranges[i]:  [0. 0.]
positions:  [[152.69805879 108.94553588  20.03782463]
 [  0.           0.           0.        ]]
ranges_good:  []
positions_good:  []
targets_depth:  [10.]
step: {'agent_0': {'x': 152.69805878959596, 'y': 108.94553587539122, 'z': 0, 'rph_z': 0, 'agent_1_dx': -152.69805878959596, 'agent_1_dy': -108.94553587539122, 'agent_1_dz': 0, 'landmark_0_tracking_x': 12.207778471599038, 'landmark_0_tracking_y': -6.99267024699691, 'landmark_0_tracking_z': 10.0, 'landmark_0_range': 0}}
Processed Obs: {'agent_0': tensor([[0.4958, 0.5097, 0.0000, 0.0000, 1.0000, 1.0000],
        [0.4491, 0.4637, 0.5000, 0.0000, 1.0000, 0.0000],
        [0.5468, 0.5386, 0.4967, 0.0000, 0.0000, 0.0000]])}
INFO: Action= 2  target_predictions(x,y)=12.21m,-6.99m
Stalk target on addr 8
ODSS format: targAddr,time,lon0,lat0,range,lonTarg,latTarg,timestring
RESULT: 8,1764962086,-121.93565,36.69465,-1,-121.93723,36.69362,2025-12-05T19:14:46
INFO: Ping_count=31

reset time= 1764972288.0
NEW RUDDER POSITION= 336.7532717875954
INFO: other_comms_count=12
$SW,1.0,36.70047479041734,-121.93865831246625;
lrauv lat 36.6946500791045  lrauv lon -121.93564571577946
########################################
New range measurement at  1764972416.0
INFO: Elapsed time = 128.000 seconds
INFO: Sim timestamp 2025-12-05T22:06:19
Timestamp =  1764972379.493
LRAUV pose [36.694748,-121.935703,19.56]: 
Target address 8 at 185.482 meters
DEBUG: agents_slantRange= [[185.48187255859375, 0]]
DEBUG: self.agents_range= [[0. 0.]]
Agen yaw (360NorthClockwise)= 334.88690963904463
INFO: agents range:  [[185.48187256   0.        ]]
INFO: agents pos:  [[147.45138331 120.13933041  19.55516052]
 [  0.           0.           0.        ]]
INFO: targets_depth:  [10.]
INFO: new_range:  True
ranges:  [[185.48187256   0.        ]]
mask before:  [ True False]
mask:  [ True False]
ranges[i]:  [185.48187256   0.        ]
positions:  [[147.45138331 120.13933041  19.55516052]
 [  0.           0.           0.        ]]
ranges_good:  [185.48187256]
positions_good:  [[147.45138331 120.13933041  19.55516052]]
targets_depth:  [10.]
pos: [147.45138331 120.13933041  19.55516052]  depth: 10.0  r: 185.48187255859375
Evaluation -> covariance (CI of 98): 45.89 
ErrorPF= 0.42642635912071114
Evaluaiton -> max(self.w)=0.0798 sum(self.w)=480.2989
step: 